<?xml version="1.0" encoding="UTF-8" standalone="yes"?>
<FormStructure AlertDataPath="/net/hedtech/banner/arsys/Tziarci/TziarciAlerts.xml" FirstNavigationBlock="KEY_BLOCK" LovDataPath="/net/hedtech/banner/arsys/Tziarci/TziarciLovs.xml" Name="TZIARCI">
    <Visual>
        <Window Id="MAIN_WINDOW" Url="net/hedtech/banner/arsys/Tziarci/views/ViewMainWindow">
            <StackedCanvas Id="MAIN_CANVAS"/>
            <ContentCanvas Id="KEY_BLOCK_CANVAS"/>
            <StackedCanvas Id="G$_WELCOME_CANVAS" Visible="false"/>
        </Window>
    </Visual>
    <Logic>
        <Block Id="BUTTON_CONTROL_BLOCK">
            <Item DataType="String" Id="CHECK_KEYS" Type="TextItem"/>
        </Block>
        <Block Id="FORM_HEADER">
            <Item DataType="String" Id="CURRENT_FORM" Type="TextItem"/>
            <Item DataType="String" Id="CURRENT_RELEASE" Type="TextItem"/>
            <Item DataType="String" Id="CURRENT_INSTITUTION" Type="TextItem"/>
            <Item DataType="String" Id="CURRENT_TIME" Type="TextItem"/>
            <Item DataType="String" Id="CURRENT_DATE" Type="TextItem"/>
            <Item DataType="String" Id="HEADER_FLAG" Type="TextItem"/>
            <Item DataType="String" Id="WORKFLD" Type="TextItem"/>
            <Item DataType="String" Id="WORKDATE" Type="TextItem"/>
        </Block>
        <Block Id="KEY_BLOCK" NextBlock="TBRACCD_TZRARCI">
            <Item CanvasName="KEY_BLOCK_CANVAS" DataType="String" Id="ID" Type="TextItem"/>
            <Item CanvasName="KEY_BLOCK_CANVAS" Enabled="false" Id="USER_NAME" Type="TextItem"/>
            <Item CanvasName="KEY_BLOCK_CANVAS" DataType="String" Id="CURRENCY" Lov="GTVCURR_LOV2" Type="TextItem"/>
            <Item CanvasName="KEY_BLOCK_CANVAS" DataType="String" Enabled="false" Id="USER" Type="TextItem"/>
            <Item CanvasName="KEY_BLOCK_CANVAS" Id="EXECUTE_BTN" Type="Button"/>
            <Item CanvasName="KEY_BLOCK_CANVAS" Id="KEY-CLRFRM_BTN" Type="Button" Visible="false"/>
            <Item CanvasName="KEY_BLOCK_CANVAS" Id="ID_LBT" Type="TextItem"/>
        </Block>
        <Block AllowDelete="false" AllowInsert="false" AllowSort="false" AllowUpdate="false" Id="TBRACCD_TZRARCI" MultiRecord="true">
            <Item CanvasName="MAIN_CANVAS" Id="TBRACCD_DETAIL_CODE" Type="TextItem"/>
            <Item CanvasName="MAIN_CANVAS" Id="TBRACCD_DESC" Type="TextItem"/>
            <Item CanvasName="MAIN_CANVAS" Id="TBRACCD_TERM_CODE" Type="TextItem"/>
            <Item CanvasName="MAIN_CANVAS" Id="CHARGE_AMOUNT" Type="TextItem"/>
            <Item CanvasName="MAIN_CANVAS" Id="TBRACCD_AMOUNT" Type="TextItem"/>
            <Item CanvasName="MAIN_CANVAS" Id="PAYMENT_AMOUNT" Type="TextItem"/>
            <Item CanvasName="MAIN_CANVAS" Id="TBRACCD_PAYMENT_ID" Type="TextItem"/>
            <Item CanvasName="MAIN_CANVAS" Id="TBRACCD_BALANCE" Type="TextItem"/>
            <Item CanvasName="MAIN_CANVAS" Id="TBRACCD_TAX_AMOUNT" Type="TextItem"/>
            <Item AllowInsert="false" AllowUpdate="false" CanvasName="MAIN_CANVAS" Id="TAX_TYPE" Type="TextItem"/>
            <Item CanvasName="MAIN_CANVAS" Id="TBRACCD_CCRD_CODE" Type="TextItem"/>
            <Item CanvasName="MAIN_CANVAS" Id="TBRACCD_SRCE_CODE" Type="TextItem"/>
            <Item CanvasName="MAIN_CANVAS" Id="TBRACCD_EFFECTIVE_DATE" Type="TextItem"/>
            <Item CanvasName="MAIN_CANVAS" Id="TBRACCD_TRANS_DATE" Type="TextItem"/>
            <Item CanvasName="MAIN_CANVAS" Id="TBRACCD_AIDY_CODE" Type="TextItem"/>
            <Item CanvasName="MAIN_CANVAS" Id="TBRACCD_PERIOD" Type="TextItem"/>
            <Item CanvasName="MAIN_CANVAS" Id="TZRARCI_CAMP_CODE" Type="TextItem"/>
            <Item CanvasName="MAIN_CANVAS" Id="TZRARCI_SITE_CODE" Type="TextItem"/>
            <Item CanvasName="MAIN_CANVAS" Id="TZRARCI_MAJR_CODE" Type="TextItem"/>
            <Item CanvasName="MAIN_CANVAS" Id="TBRACCD_RECEIPT_NUMBER" Type="TextItem"/>
            <Item CanvasName="MAIN_CANVAS" Id="TBRACCD_ORIG_CHG_IND" Type="TextItem"/>
            <Item CanvasName="MAIN_CANVAS" Id="TBRACCD_CPDT_IND" Type="TextItem"/>
            <Item CanvasName="MAIN_CANVAS" Id="TBRACCD_TRAN_NUMBER" Type="TextItem"/>
            <Item CanvasName="MAIN_CANVAS" Id="TBRACCD_TRAN_NUMBER_PAID" Type="TextItem"/>
            <Item CanvasName="MAIN_CANVAS" Id="TBRACCD_DOCUMENT_NUMBER" Type="TextItem"/>
            <Item CanvasName="MAIN_CANVAS" Id="TBRACCD_ACCT_FEED_IND" Type="TextItem"/>
            <Item CanvasName="MAIN_CANVAS" Id="TBRACCD_FEED_DOC_CODE" Type="TextItem"/>
            <Item CanvasName="MAIN_CANVAS" Id="TBRACCD_FEED_DATE" Type="TextItem"/>
            <Item CanvasName="MAIN_CANVAS" Id="TBRACCD_USER" Type="TextItem"/>
            <Item CanvasName="MAIN_CANVAS" Id="TBRACCD_SESSION_NUMBER" Type="TextItem"/>
            <Item CanvasName="MAIN_CANVAS" Id="TBRACCD_CSHR_END_DATE" Type="TextItem"/>
            <Item CanvasName="MAIN_CANVAS" Id="TBRACCD_ENTRY_DATE" Type="TextItem"/>
            <Item AllowInsert="false" AllowUpdate="false" CanvasName="MAIN_CANVAS" Id="INVOICE_STATUS_IND" Type="TextItem"/>
            <Item CanvasName="MAIN_CANVAS" Id="TZRARCI_NFAC_STATUS" Type="TextItem"/>
            <Item CanvasName="MAIN_CANVAS" Id="TZRARCI_RATE" Type="TextItem"/>
            <Item AllowInsert="false" AllowUpdate="false" CanvasName="MAIN_CANVAS" Id="DESC_LEVEL" Type="TextItem"/>
        </Block>
        <Block AllowDelete="false" AllowInsert="false" AllowUpdate="false" Id="TZIARCI_CTRL">
            <Item CanvasName="MAIN_CANVAS" Id="ACCOUNT_BALANCE" Type="TextItem"/>
            <Item CanvasName="MAIN_CANVAS" Id="QUERY_BALANCE" Type="TextItem"/>
            <Item CanvasName="MAIN_CANVAS" Id="AMOUNT_DUE" Type="TextItem"/>
            <Item CanvasName="MAIN_CANVAS" Id="MEMO_BALANCE" Type="TextItem"/>
            <Item CanvasName="MAIN_CANVAS" Id="NSF_COUNT" Type="TextItem"/>
            <Item CanvasName="MAIN_CANVAS" Id="AUTH_AID_BALANCE" Type="TextItem"/>
            <Item CanvasName="MAIN_CANVAS" Id="RECEIPT" Type="TextItem"/>
        </Block>
    </Logic>
</FormStructure>
