<?xml version="1.0" encoding="UTF-8" standalone="yes"?>
<Lovs>
    <Lov RecordGroup="GTVCURR_RG" Height="500" UseHeight="true" Width="700" UseWidth="true" Title="gtvcurrLov2.title" Name="GTVCURR_LOV2">
        <Columns>
            <Column ReturnItem="KEY_BLOCK.CURRENCY" Width="120" DataMember="GTVCURR_CURR_CODE"/>
            <Column Width="120" DataMember="GTVCURR_RATE_EFF_DATE"/>
            <Column Width="120" DataMember="GTVCURR_ACTIVITY_DATE"/>
            <Column Width="120" DataMember="GTVCURR_USER_ID"/>
            <Column Width="120" DataMember="GTVCURR_RATE_NCHG_DATE"/>
            <Column Width="120" DataMember="GTVCURR_RATE_TERM_DATE"/>
            <Column Width="150" DataMember="GTVCURR_TITLE"/>
            <Column Width="100" DataMember="GTVCURR_STATUS_IND"/>
            <Column Width="100" DataMember="GTVCURR_AP_ACCT"/>
            <Column Width="100" DataMember="GTVCURR_NATION_CODE"/>
            <Column Width="100" DataMember="GTVCURR_CONV_TYPE"/>
            <Column Width="100" DataMember="GTVCURR_EXCH_ACCT"/>
            <Column Width="100" DataMember="GTVCURR_BANK_CODE"/>
            <Column Width="120" DataMember="GTVCURR_DISB_AGENT_PIDM"/>
            <Column Width="100" DataMember="GTVCURR_AP_ACCT2"/>
            <Column Width="100" DataMember="GTVCURR_EXCH_ACCT2"/>
        </Columns>
    </Lov>
</Lovs>
