<?xml version="1.0" encoding="UTF-8"?>
<b:beans 
	xmlns="urn:schemas:morphis:foundations:task"
	xmlns:xsi="http://www.w3.org/2001/XMLSchema-instance" 
	xmlns:b="http://www.springframework.org/schema/beans"
	xsi:schemaLocation="http://www.springframework.org/schema/beans http://www.springframework.org/schema/beans/spring-beans.xsd urn:schemas:morphis:foundations:task http://www.morphis-tech.com/schema/foundations/task.xsd">
	
	<!-- model definition -->
	<b:import resource="classpath:/net/hedtech/banner/arsys/ext/Tsadetl/model/TSADETL.Model.Config.xml"/>
	<!-- extension -->
	<b:import resource="classpath:/net/hedtech/banner/arsys/Tsadetl/Tsadetl.Task.Config.xml"/>
	
	<task id="TSADETL.Task.Config" name="TSADETL">
		<extension>TZADETL</extension>
		
		<taskClass>net.hedtech.banner.arsys.ext.Tsadetl.TsadetlTask</taskClass>		
		<!-- struct -->
		<taskResources>/net/hedtech/banner/arsys/ext/Tsadetl/TsadetlStruct.xml</taskResources>
		
		<!-- support code -->
		<supportCodeConfiguration>
			<services>net.hedtech.banner.arsys.ext.Tsadetl.services.TsadetlServices</services>
		</supportCodeConfiguration>
		
		<!-- model -->
		<formModelConfiguration config="TSADETL.Model.Config"/>
		
		<formController>net.hedtech.banner.arsys.ext.Tsadetl.controller.TsadetlFormController</formController>
	</task>
</b:beans>