<?xml version="1.0" encoding="UTF-8" standalone="yes"?>
<FormStructure AlertDataPath="/net/hedtech/banner/arsys/itesm/arsys/Tzimpps/TzimppsAlerts.xml" FirstNavigationBlock="KEY_BLOCK" LovDataPath="/net/hedtech/banner/arsys/itesm/arsys/Tzimpps/TzimppsLovs.xml" Name="TZIMPPS">
    <Visual>
        <Window Id="MAIN_WINDOW" Url="net/hedtech/banner/arsys/itesm/arsys/Tzimpps/views/ViewMainWindow">
            <StackedCanvas Id="MAIN_CANVAS"/>
            <ContentCanvas Id="KEY_BLOCK_CANVAS"/>
            <StackedCanvas Id="G$_WELCOME_CANVAS" Visible="false"/>
        </Window>
    </Visual>
    <Logic>
        <Block Id="BUTTON_CONTROL_BLOCK">
            <Item DataType="String" Id="CHECK_KEYS" Type="TextItem"/>
        </Block>
        <Block Id="FORM_HEADER">
            <Item DataType="String" Id="CURRENT_FORM" Type="TextItem"/>
            <Item DataType="String" Id="CURRENT_RELEASE" Type="TextItem"/>
            <Item DataType="String" Id="CURRENT_INSTITUTION" Type="TextItem"/>
            <Item DataType="String" Id="CURRENT_TIME" Type="TextItem"/>
            <Item DataType="String" Id="CURRENT_DATE" Type="TextItem"/>
            <Item DataType="String" Id="HEADER_FLAG" Type="TextItem"/>
            <Item DataType="String" Id="WORKFLD" Type="TextItem"/>
            <Item DataType="String" Id="WORKDATE" Type="TextItem"/>
        </Block>
        <Block Id="KEY_BLOCK">
            <Item CanvasName="KEY_BLOCK_CANVAS" DataType="String" Id="STVTERM_CODE" Lov="STVTERM_LOV" Required="true" Type="TextItem"/>
            <Item CanvasName="KEY_BLOCK_CANVAS" DataType="String" Id="STVTERM_DESC" Type="DisplayItem"/>
            <Item CanvasName="KEY_BLOCK_CANVAS" DataType="String" Id="ID" Type="TextItem"/>
            <Item CanvasName="KEY_BLOCK_CANVAS" DataType="String" Id="FULL_NAME" Type="DisplayItem"/>
            <Item CanvasName="KEY_BLOCK_CANVAS" Id="EXECUTE_BTN" Type="Button"/>
            <Item CanvasName="KEY_BLOCK_CANVAS" Id="KEY-CLRFRM_BTN" Type="Button" Visible="false"/>
            <Item Id="PIDM" Type="TextItem"/>
            <Item Id="CONFID_IND" Type="TextItem"/>
            <Item Id="DCSD_IND" Type="TextItem"/>
            <Item CanvasName="KEY_BLOCK_CANVAS" Id="ID_LBT" Type="TextItem"/>
        </Block>
        <Block AllowDelete="false" AllowInsert="false" AllowUpdate="false" Id="TZIMPPS_DATA" MultiRecord="true">
            <Item AllowSearch="false" AllowUpdate="false" CanvasName="MAIN_CANVAS" Id="SPRIDEN_ID" Type="TextItem"/>
            <Item AllowUpdate="false" CanvasName="MAIN_CANVAS" Id="TZRMPPP_INSTALLMENT_PLAN" Type="TextItem"/>
            <Item AllowUpdate="false" CanvasName="MAIN_CANVAS" Id="TZRMPPS_PAY_PLAN_TYPE" Type="TextItem"/>
            <Item AllowUpdate="false" CanvasName="MAIN_CANVAS" Id="TZRMPPP_PAY_PLAN_DESC" Type="TextItem"/>
            <Item AllowUpdate="false" CanvasName="MAIN_CANVAS" Id="TZRMPPP_NUMBER_OF_PAYMENTS" Type="TextItem"/>
            <Item AllowUpdate="false" CanvasName="MAIN_CANVAS" Id="TZRMPPS_CREATE_USER_ID" Type="TextItem"/>
            <Item AllowUpdate="false" CanvasName="MAIN_CANVAS" Id="TZRMPPS_ACTIVITY_DATE" Type="TextItem"/>
        </Block>
    </Logic>
</FormStructure>
