<?xml version="1.0" encoding="UTF-8"?>
<b:beans 
	xmlns="urn:schemas:morphis:foundations:task"
	xmlns:xsi="http://www.w3.org/2001/XMLSchema-instance" 
	xmlns:b="http://www.springframework.org/schema/beans"
	xsi:schemaLocation="http://www.springframework.org/schema/beans http://www.springframework.org/schema/beans/spring-beans.xsd urn:schemas:morphis:foundations:task http://www.morphis-tech.com/schema/foundations/task.xsd">
	
	<!-- base task definition -->
	<b:import resource="classpath:/net/hedtech/general/common/forms/Base.Task.Config.xml"/>
	<!-- task parts -->
	<b:import resource="classpath:/net/hedtech/general/common/libraries/Goqolib/Goqolib.TaskPart.Config.xml"/>
	<b:import resource="classpath:/net/hedtech/general/common/libraries/Soqolib/Soqolib.TaskPart.Config.xml"/>
	<!-- library resources -->
	<b:import resource="classpath:/net/hedtech/general/common/libraries/Goqrpls/GOQRPLS.Library.Config.xml"/>
	<!-- model definition -->
	<b:import resource="classpath:/net/hedtech/banner/arsys/itesm/arsys/Tzimpps/model/TZIMPPS.Model.Config.xml"/>
	
	<task id="TZIMPPS.Task.Config" name="TZIMPPS">
		<baseTaskConfiguration config="BASE.Task.Config"/>		
		<taskParts>
			<taskPartConfiguration name="GOQOLIB" config="GOQOLIB.TaskPart.Config"/>
			<taskPartConfiguration name="SOQOLIB" config="SOQOLIB.TaskPart.Config"/>
		</taskParts>
		<taskClass>net.hedtech.banner.arsys.itesm.arsys.Tzimpps.TzimppsTask</taskClass>		
		<!-- struct -->
		<taskResources>/net/hedtech/banner/arsys/itesm/arsys/Tzimpps/TzimppsStruct.xml</taskResources>
		
		<!-- support code -->
		<supportCodeConfiguration>
			<services>net.hedtech.banner.arsys.itesm.arsys.Tzimpps.services.TzimppsServices</services>
			<attachedLibraries>
				<libraryConfiguration config="GOQRPLS.Lib.Config"/>
			</attachedLibraries>
		</supportCodeConfiguration>
		
		<!-- model -->
		<formModelConfiguration config="TZIMPPS.Model.Config"/>
		
		<formController>net.hedtech.banner.arsys.itesm.arsys.Tzimpps.controller.TzimppsFormController</formController>
		<blockControllers>
			<block name="BUTTON_CONTROL_BLOCK">net.hedtech.banner.arsys.itesm.arsys.Tzimpps.controller.ButtonControlBlockController</block>
			<block name="TZIMPPS_DATA">net.hedtech.banner.arsys.itesm.arsys.Tzimpps.controller.TzimppsDataController</block>
			<block name="KEY_BLOCK">net.hedtech.banner.arsys.itesm.arsys.Tzimpps.controller.KeyBlockController</block>
			<block name="G$_OPT_BLOCK">net.hedtech.banner.arsys.itesm.Tzimpps.controller.GOptBlockController</block>
			<block name="FORM_HEADER">net.hedtech.banner.arsys.itesm.arsys.Tzimpps.controller.FormHeaderController</block>
		</blockControllers>
	</task>
</b:beans>