<?xml version="1.0" encoding="UTF-8" standalone="yes"?>
<FormStructure AlertDataPath="/net/hedtech/banner/arsys/itesm/arsys/Tzampse/TzampseAlerts.xml" FirstNavigationBlock="KEY_BLOCK" LovDataPath="/net/hedtech/banner/arsys/itesm/arsys/Tzampse/TzampseLovs.xml" Name="TZAMPSE">
    <Visual>
        <Window Id="MAIN_WINDOW" Url="net/hedtech/banner/arsys/itesm/arsys/Tzampse/views/ViewMainWindow">
            <StackedCanvas Id="MAIN_CANVAS"/>
            <ContentCanvas Id="KEY_BLOCK_CANVAS"/>
            <StackedCanvas Id="G$_WELCOME_CANVAS" Visible="false"/>
        </Window>
    </Visual>
    <Logic>
        <Block Id="BUTTON_CONTROL_BLOCK">
            <Item DataType="String" Id="CHECK_KEYS" Type="TextItem"/>
        </Block>
        <Block Id="FORM_HEADER">
            <Item DataType="String" Id="CURRENT_FORM" Type="TextItem"/>
            <Item DataType="String" Id="CURRENT_RELEASE" Type="TextItem"/>
            <Item DataType="String" Id="CURRENT_INSTITUTION" Type="TextItem"/>
            <Item DataType="String" Id="CURRENT_TIME" Type="TextItem"/>
            <Item DataType="String" Id="CURRENT_DATE" Type="TextItem"/>
            <Item DataType="String" Id="HEADER_FLAG" Type="TextItem"/>
            <Item DataType="String" Id="WORKFLD" Type="TextItem"/>
            <Item DataType="String" Id="WORKDATE" Type="TextItem"/>
        </Block>
        <Block Id="KEY_BLOCK">
            <Item CanvasName="KEY_BLOCK_CANVAS" DataType="String" Id="STVTERM_CODE" Lov="STVTERM_LOV" Required="true" Type="TextItem"/>
            <Item CanvasName="KEY_BLOCK_CANVAS" DataType="String" Id="STVTERM_DESC" Type="DisplayItem"/>
            <Item CanvasName="KEY_BLOCK_CANVAS" DataType="String" Id="STVLEVL_CODE" Lov="STVLEVL_LOV" Required="true" Type="TextItem"/>
            <Item CanvasName="KEY_BLOCK_CANVAS" DataType="String" Id="STVLEVL_DESC" Type="DisplayItem"/>
            <Item CanvasName="KEY_BLOCK_CANVAS" Id="EXECUTE_BTN" Type="Button"/>
            <Item CanvasName="KEY_BLOCK_CANVAS" Id="KEY-CLRFRM_BTN" Type="Button" Visible="false"/>
        </Block>
        <Block Id="TZRMPSE" MultiRecord="true">
            <Item CanvasName="MAIN_CANVAS" Id="TZRMPSE_TERM_CODE" Type="TextItem"/>
            <Item CanvasName="MAIN_CANVAS" Id="TZRMPSE_LEVL_CODE" Type="TextItem"/>
            <Item AllowUpdate="false" CanvasName="MAIN_CANVAS" Id="TZRMPSE_DETAIL_CODE" Required="true" Type="TextItem"/>
            <Item CanvasName="MAIN_CANVAS" Id="TZRMPSE_ATTS_CODE" Lov="STVATTS_LOV" Type="TextItem" ValidateFromList="true"/>
            <Item CanvasName="MAIN_CANVAS" FalseValue="N" Id="TZRMPSE_OBLIGATORIO" Type="Checkbox" Value="Y"/>
            <Item CanvasName="MAIN_CANVAS" FalseValue="N" Id="TZRMPSE_DEFAULT" Type="Checkbox" Value="Y"/>
            <Item CanvasName="MAIN_CANVAS" FalseValue="0" Id="TZRMPSE_ESTATUS" Type="Checkbox" Value="1"/>
            <Item CanvasName="MAIN_CANVAS" Id="TZRMPSE_DATA_ORIGIN" Type="TextItem"/>
            <Item CanvasName="MAIN_CANVAS" Id="TZRMPSE_CREATE_USER_ID" Type="TextItem">
                <Extension Name="ViewMode" Value="Filter"/>
                <Extension Name="CopyTo" Value="BANNER_FOOTER_DATA.USER_ID"/>
            </Item>
            <Item CanvasName="MAIN_CANVAS" Id="TZRMPSE_ACTIVITY_DATE" Type="TextItem">
                <Extension Name="ViewMode" Value="Filter"/>
                <Extension Name="CopyTo" Value="BANNER_FOOTER_DATA.ACTIVITY_DATE"/>
            </Item>
        </Block>
    </Logic>
</FormStructure>
