<?xml version="1.0" encoding="UTF-8"?>
<b:beans 
	xmlns="urn:schemas:morphis:foundations:task"
	xmlns:xsi="http://www.w3.org/2001/XMLSchema-instance" 
	xmlns:b="http://www.springframework.org/schema/beans"
	xsi:schemaLocation="http://www.springframework.org/schema/beans http://www.springframework.org/schema/beans/spring-beans.xsd urn:schemas:morphis:foundations:task http://www.morphis-tech.com/schema/foundations/task.xsd">
	
	<!-- model definition -->
	<b:import resource="classpath:/net/hedtech/banner/arsys/ext/Tsaarev/model/TSAAREV.Model.Config.xml"/>
	<!-- extension -->
	<b:import resource="classpath:/net/hedtech/banner/arsys/Tsaarev/Tsaarev.Task.Config.xml"/>
	
	<task id="TSAAREV.Task.Config" name="TSAAREV">
		<extension>TZAAREV</extension>
		
		<taskClass>net.hedtech.banner.arsys.ext.Tsaarev.TsaarevTask</taskClass>		
		<!-- struct -->
		<taskResources>/net/hedtech/banner/arsys/ext/Tsaarev/TsaarevStruct.xml</taskResources>
		
		<!-- support code -->
		<supportCodeConfiguration>
			<services>net.hedtech.banner.arsys.ext.Tsaarev.services.TsaarevServices</services>
		</supportCodeConfiguration>
		
		<!-- model -->
		<formModelConfiguration config="TSAAREV.Model.Config"/>
		
		<formController>net.hedtech.banner.arsys.ext.Tsaarev.controller.TsaarevFormController</formController>
	</task>
</b:beans>