<?xml version="1.0" encoding="UTF-8" standalone="yes"?>
<FormStructure AlertDataPath="/net/hedtech/banner/arsys/itesm/arsys/Tzamppp/TzampppAlerts.xml" FirstNavigationBlock="KEY_BLOCK" LovDataPath="/net/hedtech/banner/arsys/itesm/arsys/Tzamppp/TzampppLovs.xml" Name="TZAMPPP">
    <Visual>
        <Window Id="MAIN_WINDOW" Url="net/hedtech/banner/arsys/itesm/arsys/Tzamppp/views/ViewMainWindow">
            <StackedCanvas Id="MAIN_CANVAS"/>
            <ContentCanvas Id="KEY_BLOCK_CANVAS"/>
            <StackedCanvas Id="G$_WELCOME_CANVAS" Visible="false"/>
        </Window>
    </Visual>
    <Logic>
        <Block Id="BUTTON_CONTROL_BLOCK">
            <Item DataType="String" Id="CHECK_KEYS" Type="TextItem"/>
        </Block>
        <Block Id="FORM_HEADER">
            <Item DataType="String" Id="CURRENT_FORM" Type="TextItem"/>
            <Item DataType="String" Id="CURRENT_RELEASE" Type="TextItem"/>
            <Item DataType="String" Id="CURRENT_INSTITUTION" Type="TextItem"/>
            <Item DataType="String" Id="CURRENT_TIME" Type="TextItem"/>
            <Item DataType="String" Id="CURRENT_DATE" Type="TextItem"/>
            <Item DataType="String" Id="HEADER_FLAG" Type="TextItem"/>
            <Item DataType="String" Id="WORKFLD" Type="TextItem"/>
            <Item DataType="String" Id="WORKDATE" Type="TextItem"/>
        </Block>
        <Block Id="KEY_BLOCK">
            <Item CanvasName="KEY_BLOCK_CANVAS" DataType="String" Id="STVTERM_CODE" Lov="STVTERM_LOV" Required="true" Type="TextItem"/>
            <Item CanvasName="KEY_BLOCK_CANVAS" DataType="String" Id="STVTERM_DESC" Type="DisplayItem"/>
            <Item CanvasName="KEY_BLOCK_CANVAS" Id="EXECUTE_BTN" Type="Button"/>
            <Item CanvasName="KEY_BLOCK_CANVAS" Id="KEY-CLRFRM_BTN" Type="Button" Visible="false"/>
            <Item CanvasName="KEY_BLOCK_CANVAS" Id="TZRMPPP_LEVL_CODE" Lov="STVLEVL_LOV" Type="TextItem"/>
            <Item CanvasName="KEY_BLOCK_CANVAS" Id="TZRMPPP_LEVL_DESC" Type="TextItem"/>
        </Block>
        <Block FirstNavigationItem="TZRMPPP_INSTALLMENT_PLAN" Id="TZRMPPP" MultiRecord="true">
            <Item AllowUpdate="false" CanvasName="MAIN_CANVAS" Id="TZRMPPP_PAY_PLAN_TYPE" NextItem="TZRMPPP_SELECT_STATUS" PreviousItem="TZRMPPP_INSTALLMENT_PLAN" Required="true" Type="RadioGroup">
                <Item Id="RB_PAY_D" Type="RadioButton"/>
                <Item Id="RB_PAY_P" Type="RadioButton"/>
                <Item Id="RB_PAY_N" Type="RadioButton"/>
            </Item>
            <Item CanvasName="MAIN_CANVAS" Id="TZRMPPP_INSTALLMENT_PLAN" NextItem="TZRMPPP_PAY_PLAN_TYPE" Required="true" Type="TextItem"/>
            <Item CanvasName="MAIN_CANVAS" Id="TZRMPPP_TERM_CODE" Type="TextItem"/>
            <Item CanvasName="MAIN_CANVAS" Id="TZRMPPP_PAY_PLAN_DESC" Type="TextItem"/>
            <Item CanvasName="MAIN_CANVAS" Id="TZRMPPP_NUMBER_OF_PAYMENTS" Type="TextItem"/>
            <Item AllowInsert="false" AllowUpdate="false" CanvasName="MAIN_CANVAS" Id="TZRMPPP_LEVL_CODE" Lov="STVLEVL_LOV" Type="TextItem" ValidateFromList="true"/>
            <Item CanvasName="MAIN_CANVAS" FalseValue="N" Id="TZRMPPP_SELECT_STATUS" PreviousItem="TZRMPPP_PAY_PLAN_TYPE" Type="Checkbox" Value="Y"/>
            <Item CanvasName="MAIN_CANVAS" Id="TZRMPPP_DATA_ORIGIN" Type="TextItem"/>
            <Item CanvasName="MAIN_CANVAS" Id="TZRMPPP_CREATE_USER_ID" Type="TextItem">
                <Extension Name="ViewMode" Value="Filter"/>
                <Extension Name="CopyTo" Value="BANNER_FOOTER_DATA.USER_ID"/>
            </Item>
            <Item CanvasName="MAIN_CANVAS" Id="TZRMPPP_ACTIVITY_DATE" Type="TextItem">
                <Extension Name="ViewMode" Value="Filter"/>
                <Extension Name="CopyTo" Value="BANNER_FOOTER_DATA.ACTIVITY_DATE"/>
            </Item>
            <Item CanvasName="MAIN_CANVAS" Id="TZRMPPP_DEFAULT" Type="Checkbox"/>
        </Block>
    </Logic>
</FormStructure>
