<?xml version="1.0" encoding="UTF-8"?>
<b:beans 
	xmlns="urn:schemas:morphis:foundations:task"
	xmlns:xsi="http://www.w3.org/2001/XMLSchema-instance" 
	xmlns:b="http://www.springframework.org/schema/beans"
	xsi:schemaLocation="http://www.springframework.org/schema/beans http://www.springframework.org/schema/beans/spring-beans.xsd urn:schemas:morphis:foundations:task http://www.morphis-tech.com/schema/foundations/task.xsd">
	
	<!-- base task definition -->
	<b:import resource="classpath:/net/hedtech/general/common/forms/Base.Task.Config.xml"/>
	<!-- task parts -->
	<b:import resource="classpath:/net/hedtech/general/common/libraries/Goqolib/Goqolib.TaskPart.Config.xml"/>
	<b:import resource="classpath:/net/hedtech/general/common/libraries/Soqolib/Soqolib.TaskPart.Config.xml"/>
	<!-- library resources -->
	<b:import resource="classpath:/net/hedtech/general/common/libraries/Goqrpls/GOQRPLS.Library.Config.xml"/>
	<!-- model definition -->
	<b:import resource="classpath:/net/hedtech/banner/arsys/itesm/arsys/Tzamppp/model/TZAMPPP.Model.Config.xml"/>
	
	<task id="TZAMPPP.Task.Config" name="TZAMPPP">
		<baseTaskConfiguration config="BASE.Task.Config"/>		
		<taskParts>
			<taskPartConfiguration name="GOQOLIB" config="GOQOLIB.TaskPart.Config"/>
			<taskPartConfiguration name="SOQOLIB" config="SOQOLIB.TaskPart.Config"/>
		</taskParts>
		<taskClass>net.hedtech.banner.arsys.itesm.arsys.Tzamppp.TzampppTask</taskClass>		
		<!-- struct -->
		<taskResources>/net/hedtech/banner/arsys/itesm/arsys/Tzamppp/TzampppStruct.xml</taskResources>
		
		<!-- support code -->
		<supportCodeConfiguration>
			<services>net.hedtech.banner.arsys.itesm.arsys.Tzamppp.services.TzampppServices</services>
			<attachedLibraries>
				<libraryConfiguration config="GOQRPLS.Lib.Config"/>
			</attachedLibraries>
		</supportCodeConfiguration>
		
		<!-- model -->
		<formModelConfiguration config="TZAMPPP.Model.Config"/>
		
		<formController>net.hedtech.banner.arsys.itesm.arsys.Tzamppp.controller.TzampppFormController</formController>
		<blockControllers>
			<block name="BUTTON_CONTROL_BLOCK">net.hedtech.banner.arsys.itesm.arsys.Tzamppp.controller.ButtonControlBlockController</block>
			<block name="KEY_BLOCK">net.hedtech.banner.arsys.itesm.arsys.Tzamppp.controller.KeyBlockController</block>
			<block name="TZRMPPP">net.hedtech.banner.arsys.itesm.arsys.Tzamppp.controller.TzrmpppController</block>
			<block name="FORM_HEADER">net.hedtech.banner.arsys.itesm.arsys.Tzamppp.controller.FormHeaderController</block>
		</blockControllers>
	</task>
</b:beans>