<?xml version="1.0" encoding="UTF-8" standalone="yes"?>
<FormStructure AlertDataPath="/net/hedtech/banner/arsys/Tzarlog/TzarlogAlerts.xml" FirstNavigationBlock="KEY_BLOCK" LovDataPath="/net/hedtech/banner/arsys/Tzarlog/TzarlogLovs.xml" Name="TZARLOG">
    <Visual>
        <Window Id="MAIN_WINDOW" Url="net/hedtech/banner/arsys/Tzarlog/views/ViewMainWindow">
            <StackedCanvas Id="MAIN_CANVAS"/>
            <ContentCanvas Id="KEY_BLOCK_CANVAS"/>
            <StackedCanvas Id="G$_WELCOME_CANVAS" Visible="false"/>
        </Window>
    </Visual>
    <Logic>
        <Block Id="BUTTON_CONTROL_BLOCK">
            <Item DataType="String" Id="CHECK_KEYS" Type="TextItem"/>
        </Block>
        <Block Id="FORM_HEADER">
            <Item DataType="String" Id="CURRENT_FORM" Type="TextItem"/>
            <Item DataType="String" Id="CURRENT_RELEASE" Type="TextItem"/>
            <Item DataType="String" Id="CURRENT_INSTITUTION" Type="TextItem"/>
            <Item DataType="String" Id="CURRENT_TIME" Type="TextItem"/>
            <Item DataType="String" Id="CURRENT_DATE" Type="TextItem"/>
            <Item DataType="String" Id="HEADER_FLAG" Type="TextItem"/>
            <Item DataType="String" Id="WORKFLD" Type="TextItem"/>
            <Item DataType="String" Id="WORKDATE" Type="TextItem"/>
        </Block>
        <Block Id="KEY_BLOCK" NextBlock="TZRRLOG">
            <Item CanvasName="KEY_BLOCK_CANVAS" FormatMask="DD-MON-YYYY" Id="PROCESS_DATE_FROM" NextItem="PROCESS_DATE_TO" Type="TextItem"/>
            <Item CanvasName="KEY_BLOCK_CANVAS" FormatMask="DD-MON-YYYY" Id="PROCESS_DATE_TO" NextItem="ID" Type="TextItem"/>
            <Item CanvasName="KEY_BLOCK_CANVAS" DataType="String" Id="ID" NextItem="PROCESS" Type="TextItem"/>
            <Item CanvasName="KEY_BLOCK_CANVAS" DataType="String" Id="PROCESS" Lov="TZRRLOG_LOV" NextItem="ID_PROCESS" Type="TextItem"/>
            <Item CanvasName="KEY_BLOCK_CANVAS" DataType="String" Id="ID_PROCESS" NextItem="PROCESS_DATE_FROM" Type="TextItem"/>
            <Item CanvasName="KEY_BLOCK_CANVAS" Id="EXECUTE_BTN" Type="Button"/>
            <Item CanvasName="KEY_BLOCK_CANVAS" Id="KEY-CLRFRM_BTN" Type="Button" Visible="false"/>
            <Item Id="ID_LBT" Type="TextItem"/>
        </Block>
        <Block AllowDelete="false" AllowInsert="false" AllowUpdate="false" Id="TZRRLOG" MultiRecord="true">
            <Item CanvasName="MAIN_CANVAS" Id="TZRRLOG_PROCESS" Type="TextItem"/>
            <Item CanvasName="MAIN_CANVAS" Id="TZRRLOG_ID_PROCESS" Type="TextItem"/>
            <Item CanvasName="MAIN_CANVAS" Id="TZRRLOG_SEQUENCE" Type="TextItem"/>
            <Item CanvasName="MAIN_CANVAS" Id="TZRRLOG_PIDM" Type="TextItem"/>
            <Item CanvasName="MAIN_CANVAS" Id="TZRRLOG_REFERENCE" Type="TextItem"/>
        </Block>
        <Block AllowDelete="false" AllowInsert="false" AllowUpdate="false" Id="TZRRLOG_DETAIL">
            <Item CanvasName="MAIN_CANVAS" Id="TZRRLOG_USER_ID" Type="TextItem"/>
            <Item CanvasName="MAIN_CANVAS" Id="TZRRLOG_ACTIVITY_DATE" Type="TextItem"/>
            <Item CanvasName="MAIN_CANVAS" Id="TZRRLOG_LOG" Type="TextArea"/>
        </Block>
    </Logic>
</FormStructure>
