<?xml version="1.0" encoding="UTF-8"?>
<b:beans 
	xmlns="urn:schemas:morphis:foundations:task"
	xmlns:xsi="http://www.w3.org/2001/XMLSchema-instance" 
	xmlns:b="http://www.springframework.org/schema/beans"
	xsi:schemaLocation="http://www.springframework.org/schema/beans http://www.springframework.org/schema/beans/spring-beans.xsd urn:schemas:morphis:foundations:task http://www.morphis-tech.com/schema/foundations/task.xsd">
	
	<!-- base task definition -->
	<b:import resource="classpath:/net/hedtech/general/common/forms/Base.Task.Config.xml"/>
	<!-- task parts -->
	<b:import resource="classpath:/net/hedtech/general/common/libraries/Goqolib/Goqolib.TaskPart.Config.xml"/>
	<!-- library resources -->
	<b:import resource="classpath:/net/hedtech/general/common/libraries/Goqrpls/GOQRPLS.Library.Config.xml"/>
	<!-- model definition -->
	<b:import resource="classpath:/net/hedtech/banner/arsys/Tzarlog/model/TZARLOG.Model.Config.xml"/>
	
	<task id="TZARLOG.Task.Config" name="TZARLOG">
		<baseTaskConfiguration config="BASE.Task.Config"/>		
		<taskParts>
			<taskPartConfiguration name="GOQOLIB" config="GOQOLIB.TaskPart.Config"/>
		</taskParts>
		<taskClass>net.hedtech.banner.arsys.Tzarlog.TzarlogTask</taskClass>		
		<!-- struct -->
		<taskResources>/net/hedtech/banner/arsys/Tzarlog/TzarlogStruct.xml</taskResources>
		
		<!-- support code -->
		<supportCodeConfiguration>
			<services>net.hedtech.banner.arsys.Tzarlog.services.TzarlogServices</services>
			<attachedLibraries>
				<libraryConfiguration config="GOQRPLS.Lib.Config"/>
			</attachedLibraries>
		</supportCodeConfiguration>
		
		<!-- model -->
		<formModelConfiguration config="TZARLOG.Model.Config"/>
		
		<formController>net.hedtech.banner.arsys.Tzarlog.controller.TzarlogFormController</formController>
		<blockControllers>
			<block name="BUTTON_CONTROL_BLOCK">net.hedtech.banner.arsys.Tzarlog.controller.ButtonControlBlockController</block>
			<block name="TZRRLOG">net.hedtech.banner.arsys.Tzarlog.controller.TzrrlogController</block>
			<block name="KEY_BLOCK">net.hedtech.banner.arsys.Tzarlog.controller.KeyBlockController</block>
			<block name="FORM_HEADER">net.hedtech.banner.arsys.Tzarlog.controller.FormHeaderController</block>
			<block name="TZRRLOG_DETAIL">net.hedtech.banner.arsys.Tzarlog.controller.TzrrlogDetailController</block>
			<block name="G$_OPT_BLOCK">net.hedtech.banner.arsys.Tzarlog.controller.GOptBlockController</block>
		</blockControllers>
	</task>
</b:beans>