<?xml version="1.0" encoding="UTF-8"?>
<b:beans 
	xmlns="urn:schemas:morphis:foundations:businessobject"
	xmlns:xsi="http://www.w3.org/2001/XMLSchema-instance" 
	xmlns:b="http://www.springframework.org/schema/beans"
	xsi:schemaLocation="http://www.springframework.org/schema/beans http://www.springframework.org/schema/beans/spring-beans.xsd urn:schemas:morphis:foundations:businessobject http://www.morphis-tech.com/schema/foundations/businessobject.xsd">
	<manager id="KEY_BLOCK.Manager.Config" name="KEY_BLOCK">
		<kind>SimpleBusinessObject</kind>
		<items>
			<item name="DATE_FROM" logicalName="dateFrom" type="java.util.Date">
			</item>
			<item name="DATE_TO" logicalName="dateTo" type="java.util.Date">
			</item>
			<item name="ID" logicalName="id" type="String">
			</item>
			<item name="ID_DESCRIPTION" logicalName="idDescription" type="String">
			</item>
			<item name="PROCESS_CODE" logicalName="processCode" type="String">
			</item>
			<item name="SHIPPING_STATUS" logicalName="shippingStatus" type="String">
			</item>
			<item name="SHIPPING_STATUS_DESCRIPTION" logicalName="shippingStatusDescription" type="String">
			</item>
			<item name="ID_PROCESS" logicalName="idProcess" type="String">
			</item>
			<item name="PROCESS_DESCRIPTION" logicalName="processDescription" type="String">
			</item>
			<item name="ID_LBT" logicalName="idLbt" type="String">
			</item>
		</items>

		<managerClass>net.hedtech.banner.arsys.Tzamonf.model.KeyBlock</managerClass>
	</manager>
</b:beans>