<?xml version="1.0" encoding="UTF-8"?>
<b:beans 
	xmlns="urn:schemas:morphis:foundations:formmodel"
	xmlns:xsi="http://www.w3.org/2001/XMLSchema-instance" 
	xmlns:b="http://www.springframework.org/schema/beans"
	xsi:schemaLocation="http://www.springframework.org/schema/beans http://www.springframework.org/schema/beans/spring-beans.xsd urn:schemas:morphis:foundations:formmodel http://www.morphis-tech.com/schema/foundations/formmodel.xsd">
	
	<b:import resource="classpath:/net/hedtech/banner/arsys/Tzamonf/model/TZRHSTB.Manager.Config.xml"/>
	<b:import resource="classpath:/net/hedtech/banner/arsys/Tzamonf/model/KEY_BLOCK.Manager.Config.xml"/>
	<b:import resource="classpath:/net/hedtech/banner/arsys/Tzamonf/model/BUTTON_CONTROL_BLOCK.Manager.Config.xml"/>
	<b:import resource="classpath:/net/hedtech/banner/arsys/Tzamonf/model/FORM_HEADER.Manager.Config.xml"/>
	<b:import resource="classpath:/net/hedtech/banner/arsys/Tzamonf/model/TZRRLOG.Manager.Config.xml"/>
	<b:import resource="classpath:/net/hedtech/banner/arsys/Tzamonf/model/TZAMONF.ValueSet.Config.xml"/>
	
	<formModel id="TZAMONF.Model.Config" name="TZAMONF">
		<modelClass>net.hedtech.banner.arsys.Tzamonf.model.TzamonfModel</modelClass>
		<parameters>
		</parameters>
		<businessObjects>
			<businessObject name="TZRHSTB" manager="TZRHSTB.Manager.Config">
				<associations>
					<association child="TZRRLOG" autoQuery="false">
						<mapping parent="TZRHSTB_ID_PROCESS" child="TZRRLOG_ID_PROCESS"/>
						<mapping parent="TZRHSTB_SURROGATE_ID" child="TZRRLOG_SURROGATE_ID_HSTB"/>
					</association>
				</associations>
			</businessObject>
			<businessObject name="KEY_BLOCK" manager="KEY_BLOCK.Manager.Config">
			</businessObject>
			<businessObject name="BUTTON_CONTROL_BLOCK" manager="BUTTON_CONTROL_BLOCK.Manager.Config">
			</businessObject>
			<businessObject name="FORM_HEADER" manager="FORM_HEADER.Manager.Config">
			</businessObject>
			<businessObject name="TZRRLOG" manager="TZRRLOG.Manager.Config">
			</businessObject>
		</businessObjects>
		<valueSets>
			<valueSet config="GTVSDAX_RG.ValueSet.Config"/>
			<valueSet config="GTVSDAX_PROCESS_RG.ValueSet.Config"/>
			<valueSet config="GTVSDAX_SHIPPING_STATUS_2_RG.ValueSet.Config"/>
			<valueSet config="SPRIDEN_RG.ValueSet.Config"/>
		</valueSets>
	</formModel>
</b:beans>