<?xml version="1.0" encoding="UTF-8"?>
<b:beans 
	xmlns="urn:schemas:morphis:foundations:valueset"
	xmlns:xsi="http://www.w3.org/2001/XMLSchema-instance" 
	xmlns:b="http://www.springframework.org/schema/beans"
	xsi:schemaLocation="http://www.springframework.org/schema/beans http://www.springframework.org/schema/beans/spring-beans.xsd urn:schemas:morphis:foundations:valueset http://www.morphis-tech.com/schema/foundations/valueset.xsd">
	
	<valueSet id="GTVSDAX_RG.ValueSet.Config" name="GTVSDAX_SHIPPING_STATUS_RG">
		<columns>
			<column name="GTVSDAX_EXTERNAL_CODE" type="String" size="1"/>
			<column name="GTVSDAX_DESC" type="String" size="9"/>
		</columns>
		<query><![CDATA[select GTVSDAX_EXTERNAL_CODE, GTVSDAX_DESC 
   from gtvsdax 
  where gtvsdax_internal_code_group = 'NFA_HSTB' 
    and GTVSDAX_INTERNAL_CODE       = 'EST_ENV'
 UNION ALL 
select 'E' GTVSDAX_EXTERNAL_CODE, 'Con Error' GTVSDAX_DESC 
  FROM DUAL
order by 1 desc
		
		
		
		
		]]>
		</query>
		<parameters>
		</parameters>
	</valueSet>
	<valueSet id="GTVSDAX_PROCESS_RG.ValueSet.Config" name="GTVSDAX_PROCESS_RG">
		<columns>
			<column name="GTVSDAX_EXTERNAL_CODE" type="String" size="0"/>
			<column name="GTVSDAX_DESC" type="String" size="0"/>
		</columns>
		<query><![CDATA[SELECT GTVSDAX_EXTERNAL_CODE,GTVSDAX_DESC
FROM gtvsdax
WHERE GTVSDAX_INTERNAL_CODE_GROUP ='ITESM_FACTURACION'
AND GTVSDAX_INTERNAL_CODE ='TZAMONF'
ORDER BY GTVSDAX_INTERNAL_CODE_SEQNO
		
		
		]]>
		</query>
		<parameters>
		</parameters>
	</valueSet>
	<valueSet id="GTVSDAX_SHIPPING_STATUS_2_RG.ValueSet.Config" name="GTVSDAX_SHIPPING_STATUS_2_RG">
		<columns>
			<column name="GTVSDAX_EXTERNAL_CODE" type="String" size="1"/>
			<column name="GTVSDAX_DESC" type="String" size="9"/>
		</columns>
		<query><![CDATA[select GTVSDAX_EXTERNAL_CODE, GTVSDAX_DESC 
   from gtvsdax 
  where gtvsdax_internal_code_group = 'NFA_HSTB' 
    and GTVSDAX_INTERNAL_CODE       = 'EST_ENV'
 UNION ALL 
select 'E' GTVSDAX_EXTERNAL_CODE, 'Con Error' GTVSDAX_DESC 
  FROM DUAL
order by 1 desc
		
		]]>
		</query>
		<parameters>
		</parameters>
	</valueSet>
	<valueSet id="SPRIDEN_RG.ValueSet.Config" name="SPRIDEN_RG">
		<columns>
			<column name="SPRIDEN_ID" type="String" size="0"/>
			<column name="NAME" type="String" size="0"/>
			<column name="SPRIDEN_ACTIVITY_DATE" type="Date" size="0"/>
		</columns>
		<query><![CDATA[SELECT SPRIDEN_ID, F_FORMAT_NAME(SPRIDEN_PIDM,'LFM') NAME,SPRIDEN_ACTIVITY_DATE FROM SPRIDEN WHERE SPRIDEN_CHANGE_IND IS NULL
AND LENGTH(SPRIDEN_ID) >=9
ORDER BY SPRIDEN_ID
		]]>
		</query>
		<parameters>
		</parameters>
		<pagination enabled="true" maximumRows="20"/>
	</valueSet>
</b:beans>