<?xml version="1.0" encoding="UTF-8"?>
<b:beans 
	xmlns="urn:schemas:morphis:foundations:businessobject"
	xmlns:xsi="http://www.w3.org/2001/XMLSchema-instance" 
	xmlns:b="http://www.springframework.org/schema/beans"
	xsi:schemaLocation="http://www.springframework.org/schema/beans http://www.springframework.org/schema/beans/spring-beans.xsd urn:schemas:morphis:foundations:businessobject http://www.morphis-tech.com/schema/foundations/businessobject.xsd">
	<manager id="TZRHSTB.Manager.Config" name="TZRHSTB">
		<items>
			<item name="TZRHSTB_PIDM" logicalName="tzrhstbPidm" type="java.math.BigDecimal" physicalName="TZRHSTB_PIDM">
			</item>
			<item name="TZRHSTB_ID" logicalName="tzrhstbId" type="java.lang.String" physicalName="TZRHSTB_ID">
			</item>
			<item name="TZRHSTB_FULL_NAME" logicalName="tzrhstbFullName" type="java.lang.String" physicalName="TZRHSTB_FULL_NAME">
			</item>
			<item name="TZRHSTB_CAMPUS_CHG" logicalName="tzrhstbCampusChg" type="java.lang.String" physicalName="TZRHSTB_CAMPUS_CHG">
			</item>
			<item name="TZRHSTB_CAMPUS_DESC_CHG" logicalName="tzrhstbCampusDescChg" type="java.lang.String" physicalName="TZRHSTB_CAMPUS_DESC_CHG">
			</item>
			<item name="TZRHSTB_TRAN_NUM_CHG" logicalName="tzrhstbTranNumChg" type="java.math.BigDecimal" physicalName="TZRHSTB_TRAN_NUM_CHG">
			</item>
			<item name="TZRHSTB_DETAIL_CODE_CHG" logicalName="tzrhstbDetailCodeChg" type="java.lang.String" physicalName="TZRHSTB_DETAIL_CODE_CHG">
			</item>
			<item name="TZRHSTB_DESC_CODE_CHG" logicalName="tzrhstbDescCodeChg" type="java.lang.String" physicalName="TZRHSTB_DESC_CODE_CHG">
			</item>
			<item name="TZRHSTB_TRANSACTION_DATE_CHG" logicalName="tzrhstbTransactionDateChg" type="java.util.Date" physicalName="TZRHSTB_TRANSACTION_DATE_CHG">
			</item>
			<item name="TZRHSTB_EFFECTIVE_DATE_CHG" logicalName="tzrhstbEffectiveDateChg" type="java.util.Date" physicalName="TZRHSTB_EFFECTIVE_DATE_CHG">
			</item>
			<item name="TZRHSTB_TERM_CHG" logicalName="tzrhstbTermChg" type="java.lang.String" physicalName="TZRHSTB_TERM_CHG">
			</item>
			<item name="TZRHSTB_TERM_DESC_CHG" logicalName="tzrhstbTermDescChg" type="java.lang.String" physicalName="TZRHSTB_TERM_DESC_CHG">
			</item>
			<item name="TZRHSTB_CAMPUS_PAY" logicalName="tzrhstbCampusPay" type="java.lang.String" physicalName="TZRHSTB_CAMPUS_PAY">
			</item>
			<item name="TZRHSTB_CAMPUS_DESC_PAY" logicalName="tzrhstbCampusDescPay" type="java.lang.String" physicalName="TZRHSTB_CAMPUS_DESC_PAY">
			</item>
			<item name="TZRHSTB_TRAN_NUM_PAY" logicalName="tzrhstbTranNumPay" type="java.math.BigDecimal" physicalName="TZRHSTB_TRAN_NUM_PAY">
			</item>
			<item name="TZRHSTB_DETAIL_CODE_PAY" logicalName="tzrhstbDetailCodePay" type="java.lang.String" physicalName="TZRHSTB_DETAIL_CODE_PAY">
			</item>
			<item name="TZRHSTB_DESC_CODE_PAY" logicalName="tzrhstbDescCodePay" type="java.lang.String" physicalName="TZRHSTB_DESC_CODE_PAY">
			</item>
			<item name="TZRHSTB_CURRENCY_PAY" logicalName="tzrhstbCurrencyPay" type="java.lang.String" physicalName="TZRHSTB_CURRENCY_PAY">
			</item>
			<item name="TZRHSTB_TRANSACTION_DATE_PAY" logicalName="tzrhstbTransactionDatePay" type="java.util.Date" physicalName="TZRHSTB_TRANSACTION_DATE_PAY">
			</item>
			<item name="TZRHSTB_EFFECTIVE_DATE_PAY" logicalName="tzrhstbEffectiveDatePay" type="java.util.Date" physicalName="TZRHSTB_EFFECTIVE_DATE_PAY">
			</item>
			<item name="TZRHSTB_AMOUNT_INV" logicalName="tzrhstbAmountInv" type="java.math.BigDecimal" physicalName="TZRHSTB_AMOUNT_INV">
			</item>
			<item name="TZRHSTB_INVOICE_NUM_RET" logicalName="tzrhstbInvoiceNumRet" type="java.lang.String" physicalName="TZRHSTB_INVOICE_NUM_RET">
			</item>
			<item name="TZRHSTB_STATUS_ID_RET" logicalName="tzrhstbStatusIdRet" type="java.lang.String" physicalName="TZRHSTB_STATUS_ID_RET">
			</item>
			<item name="TZRHSTB_VERSION_RET" logicalName="tzrhstbVersionRet" type="java.lang.String" physicalName="TZRHSTB_VERSION_RET">
			</item>
			<item name="TZRHSTB_COMP_TYPE_RET" logicalName="tzrhstbCompTypeRet" type="java.lang.String" physicalName="TZRHSTB_COMP_TYPE_RET">
			</item>
			<item name="TZRHSTB_COMP_SUB_TYPE_RET" logicalName="tzrhstbCompSubTypeRet" type="java.lang.String" physicalName="TZRHSTB_COMP_SUB_TYPE_RET">
			</item>
			<item name="TZRHSTB_SERIE_RET" logicalName="tzrhstbSerieRet" type="java.lang.String" physicalName="TZRHSTB_SERIE_RET">
			</item>
			<item name="TZRHSTB_FOLIO_RET" logicalName="tzrhstbFolioRet" type="java.lang.String" physicalName="TZRHSTB_FOLIO_RET">
			</item>
			<item name="TZRHSTB_UUID_RET" logicalName="tzrhstbUuidRet" type="java.lang.String" physicalName="TZRHSTB_UUID_RET">
			</item>
			<item name="TZRHSTB_UUID_REL_RET" logicalName="tzrhstbUuidRelRet" type="java.lang.String" physicalName="TZRHSTB_UUID_REL_RET">
			</item>
			<item name="TZRHSTB_REL_TYPE_RET" logicalName="tzrhstbRelTypeRet" type="java.lang.String" physicalName="TZRHSTB_REL_TYPE_RET">
			</item>
			<item name="TZRHSTB_PAYMENT_TYPE_RET" logicalName="tzrhstbPaymentTypeRet" type="java.lang.String" physicalName="TZRHSTB_PAYMENT_TYPE_RET">
			</item>
			<item name="TZRHSTB_PAYMENT_METHOD_RET" logicalName="tzrhstbPaymentMethodRet" type="java.lang.String" physicalName="TZRHSTB_PAYMENT_METHOD_RET">
			</item>
			<item name="TZRHSTB_RFC_CLIENT_RET" logicalName="tzrhstbRfcClientRet" type="java.lang.String" physicalName="TZRHSTB_RFC_CLIENT_RET">
			</item>
			<item name="TZRHSTB_ISSUE_DATE_RET" logicalName="tzrhstbIssueDateRet" type="java.util.Date" physicalName="TZRHSTB_ISSUE_DATE_RET">
			</item>
			<item name="TZRHSTB_CANCEL_DATE_RET" logicalName="tzrhstbCancelDateRet" type="java.util.Date" physicalName="TZRHSTB_CANCEL_DATE_RET">
			</item>
			<item name="TZRHSTB_PROCESSED_STATUS_RET" logicalName="tzrhstbProcessedStatusRet" type="java.lang.String" physicalName="TZRHSTB_PROCESSED_STATUS_RET">
			</item>
			<item name="TZRHSTB_SEGMENT" logicalName="tzrhstbSegment" type="java.lang.String" physicalName="TZRHSTB_SEGMENT">
			</item>
			<item name="TZRHSTB_PROCESS_IND" logicalName="tzrhstbProcessInd" type="java.lang.String" physicalName="TZRHSTB_PROCESS_IND">
			</item>
			<item name="TZRHSTB_ACTIVITY_DATE" logicalName="tzrhstbActivityDate" type="java.util.Date" physicalName="TZRHSTB_ACTIVITY_DATE">
			</item>
			<item name="TZRHSTB_USER_ID" logicalName="tzrhstbUserId" type="java.lang.String" physicalName="TZRHSTB_USER_ID">
			</item>
			<item name="TZRHSTB_SURROGATE_ID" logicalName="tzrhstbSurrogateId" type="java.math.BigDecimal" physicalName="TZRHSTB_SURROGATE_ID" key="true">
			</item>
			<item name="TZRHSTB_DATA_ORIGIN" logicalName="tzrhstbDataOrigin" type="java.lang.String" physicalName="TZRHSTB_DATA_ORIGIN">
			</item>
			<item name="TZRHSTB_DESC_STATUS_RET" logicalName="tzrhstbDescStatusRet" type="java.lang.String" physicalName="TZRHSTB_DESC_STATUS_RET">
			</item>
			<item name="TZRHSTB_CALC_NFAC_STATUS" logicalName="tzrhstbCalcNfacStatus" type="java.lang.String" physicalName="TZRHSTB_CALC_NFAC_STATUS">
			</item>
			<item name="TZRHSTB_RAZON_SOCIAL_RET" logicalName="tzrhstbRazonSocialRet" type="java.lang.String" physicalName="TZRHSTB_RAZON_SOCIAL_RET">
			</item>
			<item name="TZRHSTB_ID_PROCESS" logicalName="tzrhstbIdProcess" type="java.math.BigDecimal" physicalName="TZRHSTB_ID_PROCESS">
			</item>
			<item name="TZRARCI_NFAC_STATUS_CHG" logicalName="tzrarciNfacStatusChg" type="java.lang.String" virtual="true">
			</item>
			<item name="TZRARCI_NFAC_STATUS_PAY" logicalName="tzrarciNfacStatusPay" type="java.lang.String" virtual="true">
			</item>
			<item name="TZRHSTB_PROCESS_IND_DESC" logicalName="tzrhstbProcessIndDesc" type="java.lang.String" virtual="true">
			</item>
		</items>
		
		<adapterClass>net.hedtech.banner.arsys.Tzamonf.model.TzrhstbAdapter</adapterClass>
		
		<defaultWhereClause><![CDATA[(:PIDM IS NULL OR TZRHSTB_PIDM = :PIDM) AND (:ID_PROCESS IS NULL OR TZRHSTB_ID_PROCESS = :ID_PROCESS) AND (:PROCESS IS NULL OR SUBSTR(TZRHSTB_DATA_ORIGIN, 1 , (INSTR(TZRHSTB_DATA_ORIGIN,'.')-1)) = :PROCESS) AND (CASE WHEN  TZRHSTB_PROCESS_IND  IS NULL AND :SHIPPING_STATUS = 'D' THEN 1 WHEN  TZRHSTB_PROCESS_IND  = :SHIPPING_STATUS THEN 1 WHEN  :SHIPPING_STATUS IS NULL THEN 1 END ) = 1 AND TRUNC(TZRHSTB_ACTIVITY_DATE) BETWEEN NVL(TO_DATE(:DATE_FROM,'DD/MM/YYYY'), TRUNC(TZRHSTB_ACTIVITY_DATE)) AND NVL(TO_DATE(:DATE_TO, 'DD/MM/YYYY'), TRUNC(TZRHSTB_ACTIVITY_DATE))]]></defaultWhereClause>
		<defaultOrderByClause><![CDATA[TZRHSTB_SURROGATE_ID]]></defaultOrderByClause>
		
		
		
	</manager>
</b:beans>