<?xml version="1.0" encoding="UTF-8"?>
<b:beans 
	xmlns="urn:schemas:morphis:foundations:businessobject"
	xmlns:xsi="http://www.w3.org/2001/XMLSchema-instance" 
	xmlns:b="http://www.springframework.org/schema/beans"
	xsi:schemaLocation="http://www.springframework.org/schema/beans http://www.springframework.org/schema/beans/spring-beans.xsd urn:schemas:morphis:foundations:businessobject http://www.morphis-tech.com/schema/foundations/businessobject.xsd">
	<manager id="TZRRLOG.Manager.Config" name="TZRRLOG">
		<items>
			<item name="TZRRLOG_PIDM" logicalName="tzrrlogPidm" type="java.math.BigDecimal" physicalName="TZRRLOG_PIDM">
			</item>
			<item name="TZRRLOG_PROCESS" logicalName="tzrrlogProcess" type="java.lang.String" physicalName="TZRRLOG_PROCESS">
			</item>
			<item name="TZRRLOG_REFERENCE" logicalName="tzrrlogReference" type="java.lang.String" physicalName="TZRRLOG_REFERENCE">
			</item>
			<item name="TZRRLOG_LOG" logicalName="tzrrlogLog" type="java.lang.String" physicalName="TZRRLOG_LOG">
			</item>
			<item name="TZRRLOG_USER_ID" logicalName="tzrrlogUserId" type="java.lang.String" physicalName="TZRRLOG_USER_ID">
			</item>
			<item name="TZRRLOG_ACTIVITY_DATE" logicalName="tzrrlogActivityDate" type="java.util.Date" physicalName="TZRRLOG_ACTIVITY_DATE">
			</item>
			<item name="TZRRLOG_ID_PROCESS" logicalName="tzrrlogIdProcess" type="java.math.BigDecimal" physicalName="TZRRLOG_ID_PROCESS">
			</item>
			<item name="TZRRLOG_SURROGATE_ID_HSTB" logicalName="tzrrlogSurrogateIdHstb" type="java.math.BigDecimal" physicalName="TZRRLOG_SURROGATE_ID_HSTB">
			</item>
			<item name="TZRRLOG_SEQUENCE" logicalName="tzrrlogSequence" type="java.math.BigDecimal" physicalName="TZRRLOG_SEQUENCE">
			</item>
		</items>
		
		<adapterClass>net.hedtech.banner.arsys.Tzamonf.model.TzrrlogAdapter</adapterClass>
		
		
		
		
	</manager>
</b:beans>