<?xml version="1.0" encoding="UTF-8"?>
<b:beans 
	xmlns="urn:schemas:morphis:foundations:businessobject"
	xmlns:xsi="http://www.w3.org/2001/XMLSchema-instance" 
	xmlns:b="http://www.springframework.org/schema/beans"
	xsi:schemaLocation="http://www.springframework.org/schema/beans http://www.springframework.org/schema/beans/spring-beans.xsd urn:schemas:morphis:foundations:businessobject http://www.morphis-tech.com/schema/foundations/businessobject.xsd">

	<b:import resource="classpath:/net/hedtech/banner/arsys/Tsaarev/model/FORM_HEADER.Manager.Config.xml"/>

	<manager id="FORM_HEADER.Manager.Config" name="FormHeader">
		<kind>SimpleBusinessObject</kind>
		<items>
			<item name="MOD_ID" logicalName="modId" type="String">
			</item>
		</items>

		<managerClass>net.hedtech.banner.arsys.ext.Tsaarev.model.FormHeader</managerClass>
	</manager>
</b:beans>