<?xml version="1.0" encoding="UTF-8"?>
<b:beans 
	xmlns="urn:schemas:morphis:foundations:formmodel"
	xmlns:xsi="http://www.w3.org/2001/XMLSchema-instance" 
	xmlns:b="http://www.springframework.org/schema/beans"
	xsi:schemaLocation="http://www.springframework.org/schema/beans http://www.springframework.org/schema/beans/spring-beans.xsd urn:schemas:morphis:foundations:formmodel http://www.morphis-tech.com/schema/foundations/formmodel.xsd">
	
	<b:import resource="classpath:/net/hedtech/banner/arsys/ext/Tsaarev/model/FORM_HEADER.Manager.Config.xml"/>
	
	<formModel id="TSAAREV.Model.Config" name="TSAAREV">
		<modelClass>net.hedtech.banner.arsys.ext.Tsaarev.model.TsaarevModel</modelClass>
		<parameters>
		</parameters>
		<businessObjects>
			<businessObject name="FORM_HEADER" manager="FORM_HEADER.Manager.Config">
			</businessObject>
		</businessObjects>
		<valueSets>
		</valueSets>
	</formModel>
</b:beans>