<?xml version="1.0" encoding="UTF-8"?>
<b:beans 
	xmlns="urn:schemas:morphis:foundations:formmodel"
	xmlns:xsi="http://www.w3.org/2001/XMLSchema-instance" 
	xmlns:b="http://www.springframework.org/schema/beans"
	xsi:schemaLocation="http://www.springframework.org/schema/beans http://www.springframework.org/schema/beans/spring-beans.xsd urn:schemas:morphis:foundations:formmodel http://www.morphis-tech.com/schema/foundations/formmodel.xsd">
	
	<b:import resource="classpath:/net/hedtech/banner/arsys/itesm/arsys/Tzimpps/model/KEY_BLOCK.Manager.Config.xml"/>
	<b:import resource="classpath:/net/hedtech/banner/arsys/itesm/arsys/Tzimpps/model/BUTTON_CONTROL_BLOCK.Manager.Config.xml"/>
	<b:import resource="classpath:/net/hedtech/banner/arsys/itesm/arsys/Tzimpps/model/FORM_HEADER.Manager.Config.xml"/>
	<b:import resource="classpath:/net/hedtech/banner/arsys/itesm/arsys/Tzimpps/model/TZIMPPS_DATA.Manager.Config.xml"/>
	
	<formModel id="TZIMPPS.Model.Config" name="TZIMPPS">
		<modelClass>net.hedtech.banner.arsys.itesm.arsys.Tzimpps.model.TzimppsModel</modelClass>
		<parameters>
		</parameters>
		<businessObjects>
			<businessObject name="KEY_BLOCK" manager="KEY_BLOCK.Manager.Config">
			</businessObject>
			<businessObject name="BUTTON_CONTROL_BLOCK" manager="BUTTON_CONTROL_BLOCK.Manager.Config">
			</businessObject>
			<businessObject name="FORM_HEADER" manager="FORM_HEADER.Manager.Config">
			</businessObject>
			<businessObject name="TZIMPPS_DATA" manager="TZIMPPS_DATA.Manager.Config">
			</businessObject>
		</businessObjects>
		<valueSets>
		</valueSets>
	</formModel>
</b:beans>