<?xml version="1.0" encoding="UTF-8"?>
<b:beans 
	xmlns="urn:schemas:morphis:foundations:businessobject"
	xmlns:xsi="http://www.w3.org/2001/XMLSchema-instance" 
	xmlns:b="http://www.springframework.org/schema/beans"
	xsi:schemaLocation="http://www.springframework.org/schema/beans http://www.springframework.org/schema/beans/spring-beans.xsd urn:schemas:morphis:foundations:businessobject http://www.morphis-tech.com/schema/foundations/businessobject.xsd">
	<manager id="TZIMPPS_DATA.Manager.Config" name="TZIMPPS_DATA" queryOnly="true" targetTableName="">
		<kind>Query</kind>
		<items>
			<item name="SPRIDEN_ID" logicalName="spridenId" type="java.lang.String" physicalName="SPRIDEN_ID">
			</item>
			<item name="TZRMPPP_INSTALLMENT_PLAN" logicalName="tzrmpppInstallmentPlan" type="java.lang.String" physicalName="TZRMPPP_INSTALLMENT_PLAN">
			</item>
			<item name="TZRMPPS_PAY_PLAN_TYPE" logicalName="tzrmppsPayPlanType" type="java.lang.String" physicalName="TZRMPPS_PAY_PLAN_TYPE">
			</item>
			<item name="TZRMPPP_PAY_PLAN_DESC" logicalName="tzrmpppPayPlanDesc" type="java.lang.String" physicalName="TZRMPPP_PAY_PLAN_DESC">
			</item>
			<item name="TZRMPPP_NUMBER_OF_PAYMENTS" logicalName="tzrmpppNumberOfPayments" type="java.lang.String" physicalName="TZRMPPP_NUMBER_OF_PAYMENTS">
			</item>
			<item name="TZRMPPS_CREATE_USER_ID" logicalName="tzrmppsCreateUserId" type="java.lang.String" physicalName="TZRMPPS_CREATE_USER_ID">
			</item>
			<item name="TZRMPPS_ACTIVITY_DATE" logicalName="tzrmppsActivityDate" type="java.util.Date" physicalName="TZRMPPS_ACTIVITY_DATE">
			</item>
		</items>
		<source><![CDATA[select
SPRIDEN_ID,
TZRMPPP_INSTALLMENT_PLAN,
TZRMPPS_PAY_PLAN_TYPE,
TZRMPPP_PAY_PLAN_DESC,
TZRMPPP_NUMBER_OF_PAYMENTS,
TZRMPPS_CREATE_USER_ID,
TZRMPPS_ACTIVITY_DATE
from spriden, tzrmpps, tzrmppp
where 
TZRMPPS_TERM_CODE  = TZRMPPP_TERM_CODE 
and TZRMPPS_INSTALLMENT_PLAN = TZRMPPP_INSTALLMENT_PLAN 
and TZRMPPS_TERM_CODE =:term_code
and SPRIDEN_PIDM=TZRMPPS_PIDM
and SPRIDEN_CHanGe_IND IS NULL
and (:p_pidm is null or (spriden_pidm=:p_pidm ))]]></source>
		
		<adapterClass>net.hedtech.banner.arsys.itesm.arsys.Tzimpps.model.TzimppsDataAdapter</adapterClass>
		
		
		
		
	</manager>
</b:beans>