<?xml version="1.0" encoding="UTF-8"?>
<b:beans 
	xmlns="urn:schemas:morphis:foundations:businessobject"
	xmlns:xsi="http://www.w3.org/2001/XMLSchema-instance" 
	xmlns:b="http://www.springframework.org/schema/beans"
	xsi:schemaLocation="http://www.springframework.org/schema/beans http://www.springframework.org/schema/beans/spring-beans.xsd urn:schemas:morphis:foundations:businessobject http://www.morphis-tech.com/schema/foundations/businessobject.xsd">
	<manager id="TZRMPPS.Manager.Config" name="TZRMPPS">
		<items>
			<item name="TZRMPPS_PIDM" logicalName="tzrmppsPidm" type="java.math.BigDecimal" physicalName="TZRMPPS_PIDM">
			</item>
			<item name="TZRMPPS_INSTALLMENT_PLAN" logicalName="tzrmppsInstallmentPlan" type="java.lang.String" physicalName="TZRMPPS_INSTALLMENT_PLAN">
			</item>
			<item name="TZRMPPS_TERM_CODE" logicalName="tzrmppsTermCode" type="java.lang.String" physicalName="TZRMPPS_TERM_CODE">
			</item>
			<item name="TZRMPPS_PAY_PLAN_TYPE" logicalName="tzrmppsPayPlanType" type="java.lang.String" physicalName="TZRMPPS_PAY_PLAN_TYPE">
			</item>
			<item name="TZRMPPS_DATA_ORIGIN" logicalName="tzrmppsDataOrigin" type="java.lang.String" physicalName="TZRMPPS_DATA_ORIGIN">
			</item>
			<item name="TZRMPPS_CREATE_USER_ID" logicalName="tzrmppsCreateUserId" type="java.lang.String" physicalName="TZRMPPS_CREATE_USER_ID">
			</item>
			<item name="TZRMPPS_ACTIVITY_DATE" logicalName="tzrmppsActivityDate" type="java.util.Date" physicalName="TZRMPPS_ACTIVITY_DATE">
			</item>
		</items>
		
		<adapterClass>net.hedtech.banner.arsys.itesm.arsys.Tzimpps.model.TzrmppsAdapter</adapterClass>
		<!-- DefaultWhereClause needs completion on user end: -->
		<defaultWhereClause></defaultWhereClause>
		
		
		
		
	</manager>
</b:beans>