<?xml version="1.0" encoding="UTF-8"?>
<b:beans 
	xmlns="urn:schemas:morphis:foundations:businessobject"
	xmlns:xsi="http://www.w3.org/2001/XMLSchema-instance" 
	xmlns:b="http://www.springframework.org/schema/beans"
	xsi:schemaLocation="http://www.springframework.org/schema/beans http://www.springframework.org/schema/beans/spring-beans.xsd urn:schemas:morphis:foundations:businessobject http://www.morphis-tech.com/schema/foundations/businessobject.xsd">
	<manager id="KEY_BLOCK.Manager.Config" name="KEY_BLOCK">
		<kind>SimpleBusinessObject</kind>
		<items>
			<item name="ID" logicalName="id" type="String">
			</item>
			<item name="CURRENCY" logicalName="currency" type="String">
			</item>
			<item name="USER" logicalName="user" type="String">
			</item>
			<item name="USER_NAME" logicalName="userName" type="String">
			</item>
			<item name="ID_LBT" logicalName="idLbt" type="String">
			</item>
		</items>

		<managerClass>net.hedtech.banner.arsys.Tziarci.model.KeyBlock</managerClass>
	</manager>
</b:beans>