<?xml version="1.0" encoding="UTF-8"?>
<b:beans 
	xmlns="urn:schemas:morphis:foundations:businessobject"
	xmlns:xsi="http://www.w3.org/2001/XMLSchema-instance" 
	xmlns:b="http://www.springframework.org/schema/beans"
	xsi:schemaLocation="http://www.springframework.org/schema/beans http://www.springframework.org/schema/beans/spring-beans.xsd urn:schemas:morphis:foundations:businessobject http://www.morphis-tech.com/schema/foundations/businessobject.xsd">
	<manager id="TBRACCD_TZRARCI.Manager.Config" name="TBRACCD_TZRARCI" queryOnly="true" targetTableName="" keyMode="Unique">
		<kind>Query</kind>
		<items>
			<item name="TBRACCD_DETAIL_CODE" logicalName="tbraccdDetailCode" type="java.lang.String" physicalName="TBRACCD_DETAIL_CODE">
			</item>
			<item name="TBRACCD_DESC" logicalName="tbraccdDesc" type="java.lang.String" physicalName="TBRACCD_DESC">
			</item>
			<item name="TBRACCD_TERM_CODE" logicalName="tbraccdTermCode" type="java.lang.String" physicalName="TBRACCD_TERM_CODE">
			</item>
			<item name="TBRACCD_AMOUNT" logicalName="tbraccdAmount" type="java.math.BigDecimal" physicalName="TBRACCD_AMOUNT">
			</item>
			<item name="TBRACCD_PAYMENT_ID" logicalName="tbraccdPaymentId" type="java.lang.String" physicalName="TBRACCD_PAYMENT_ID">
			</item>
			<item name="TBRACCD_BALANCE" logicalName="tbraccdBalance" type="java.math.BigDecimal" physicalName="TBRACCD_BALANCE">
			</item>
			<item name="TBRACCD_TAX_AMOUNT" logicalName="tbraccdTaxAmount" type="java.math.BigDecimal" physicalName="TBRACCD_TAX_AMOUNT">
			</item>
			<item name="TBRACCD_CCRD_CODE" logicalName="tbraccdCcrdCode" type="java.lang.String" physicalName="TBRACCD_CCRD_CODE">
			</item>
			<item name="TBRACCD_SRCE_CODE" logicalName="tbraccdSrceCode" type="java.lang.String" physicalName="TBRACCD_SRCE_CODE">
			</item>
			<item name="TBRACCD_EFFECTIVE_DATE" logicalName="tbraccdEffectiveDate" type="java.util.Date" physicalName="TBRACCD_EFFECTIVE_DATE">
			</item>
			<item name="TBRACCD_TRANS_DATE" logicalName="tbraccdTransDate" type="java.util.Date" physicalName="TBRACCD_TRANS_DATE">
			</item>
			<item name="TBRACCD_AIDY_CODE" logicalName="tbraccdAidyCode" type="java.lang.String" physicalName="TBRACCD_AIDY_CODE">
			</item>
			<item name="TBRACCD_PERIOD" logicalName="tbraccdPeriod" type="java.lang.String" physicalName="TBRACCD_PERIOD">
			</item>
			<item name="TZRARCI_CAMP_CODE" logicalName="tzrarciCampCode" type="java.lang.String" physicalName="TZRARCI_CAMP_CODE">
			</item>
			<item name="TZRARCI_SITE_CODE" logicalName="tzrarciSiteCode" type="java.lang.String" physicalName="TZRARCI_SITE_CODE">
			</item>
			<item name="TZRARCI_MAJR_CODE" logicalName="tzrarciMajrCode" type="java.lang.String" physicalName="TZRARCI_MAJR_CODE">
			</item>
			<item name="TZRARCI_ACCT_COST_CENTER" logicalName="tzrarciAcctCostCenter" type="java.lang.String" physicalName="TZRARCI_ACCT_COST_CENTER">
			</item>
			<item name="TZRARCI_CRED_TRAN_NUM" logicalName="tzrarciCredTranNum" type="java.lang.String" physicalName="TZRARCI_CRED_TRAN_NUM">
			</item>
			<item name="TBRACCD_RECEIPT_NUMBER" logicalName="tbraccdReceiptNumber" type="java.math.BigDecimal" physicalName="TBRACCD_RECEIPT_NUMBER">
			</item>
			<item name="TBRACCD_ORIG_CHG_IND" logicalName="tbraccdOrigChgInd" type="java.lang.String" physicalName="TBRACCD_ORIG_CHG_IND">
			</item>
			<item name="TBRACCD_CPDT_IND" logicalName="tbraccdCpdtInd" type="java.lang.String" physicalName="TBRACCD_CPDT_IND">
			</item>
			<item name="TBRACCD_TRAN_NUMBER" logicalName="tbraccdTranNumber" type="java.math.BigDecimal" physicalName="TBRACCD_TRAN_NUMBER">
			</item>
			<item name="TBRACCD_TRAN_NUMBER_PAID" logicalName="tbraccdTranNumberPaid" type="java.math.BigDecimal" physicalName="TBRACCD_TRAN_NUMBER_PAID">
			</item>
			<item name="TBRACCD_DOCUMENT_NUMBER" logicalName="tbraccdDocumentNumber" type="java.lang.String" physicalName="TBRACCD_DOCUMENT_NUMBER">
			</item>
			<item name="TBRACCD_ACCT_FEED_IND" logicalName="tbraccdAcctFeedInd" type="java.lang.String" physicalName="TBRACCD_ACCT_FEED_IND">
			</item>
			<item name="TBRACCD_FEED_DOC_CODE" logicalName="tbraccdFeedDocCode" type="java.lang.String" physicalName="TBRACCD_FEED_DOC_CODE">
			</item>
			<item name="TBRACCD_FEED_DATE" logicalName="tbraccdFeedDate" type="java.util.Date" physicalName="TBRACCD_FEED_DATE">
			</item>
			<item name="TBRACCD_USER" logicalName="tbraccdUser" type="java.lang.String" physicalName="TBRACCD_USER">
			</item>
			<item name="TBRACCD_SESSION_NUMBER" logicalName="tbraccdSessionNumber" type="java.math.BigDecimal" physicalName="TBRACCD_SESSION_NUMBER">
			</item>
			<item name="TBRACCD_CSHR_END_DATE" logicalName="tbraccdCshrEndDate" type="java.util.Date" physicalName="TBRACCD_CSHR_END_DATE">
			</item>
			<item name="TBRACCD_ENTRY_DATE" logicalName="tbraccdEntryDate" type="java.util.Date" physicalName="TBRACCD_ENTRY_DATE">
			</item>
			<item name="TZRARCI_INVOICE_STATUS_IND" logicalName="tzrarciInvoiceStatusInd" type="java.lang.String" physicalName="TZRARCI_INVOICE_STATUS_IND">
			</item>
			<item name="TZRARCI_NFAC_STATUS" logicalName="tzrarciNfacStatus" type="java.lang.String" physicalName="TZRARCI_NFAC_STATUS">
			</item>
			<item name="TZRARCI_RATE" logicalName="tzrarciRate" type="java.math.BigDecimal" physicalName="TZRARCI_RATE">
			</item>
			<item name="TZRARCI_LEVL_CODE" logicalName="tzrarciLevlCode" type="java.lang.String" physicalName="TZRARCI_LEVL_CODE">
			</item>
			<item name="TBRACCD_PIDM" logicalName="tbraccdPidm" type="java.math.BigDecimal" physicalName="TBRACCD_PIDM">
			</item>
			<item name="TAX_TYPE" logicalName="taxType" type="java.lang.String" virtual="true" queryable="false">
			</item>
			<item name="DESC_LEVEL" logicalName="descLevel" type="java.lang.String" virtual="true" queryable="false">
			</item>
			<item name="INVOICE_STATUS_IND" logicalName="invoiceStatusInd" type="java.lang.String" virtual="true" queryable="false">
			</item>
			<item name="PAYMENT_AMOUNT" logicalName="paymentAmount" type="java.math.BigDecimal" virtual="true">
			</item>
			<item name="CHARGE_AMOUNT" logicalName="chargeAmount" type="java.math.BigDecimal" virtual="true">
			</item>
		</items>
		<source><![CDATA[SELECT
TBRACCD_PIDM,
TBRACCD_DETAIL_CODE,
TBRACCD_DESC,
TBRACCD_TERM_CODE,
TBRACCD_AMOUNT,
TBRACCD_PAYMENT_ID,
TBRACCD_BALANCE,
TBRACCD_TAX_AMOUNT,
TBRACCD_CCRD_CODE,
TBRACCD_SRCE_CODE,
TBRACCD_EFFECTIVE_DATE,
TBRACCD_TRANS_DATE,
TBRACCD_AIDY_CODE,
TBRACCD_PERIOD,
TZRARCI_CAMP_CODE,
TZRARCI_SITE_CODE,
TZRARCI_MAJR_CODE,
TZRARCI_ACCT_COST_CENTER,
TZRARCI_CRED_TRAN_NUM,
TBRACCD_RECEIPT_NUMBER,
TBRACCD_ORIG_CHG_IND,
TBRACCD_CPDT_IND, 
TBRACCD_TRAN_NUMBER, 
TBRACCD_TRAN_NUMBER_PAID,
TBRACCD_DOCUMENT_NUMBER, 
TBRACCD_ACCT_FEED_IND, 
TBRACCD_FEED_DOC_CODE,
TBRACCD_FEED_DATE,
TBRACCD_USER,
TBRACCD_SESSION_NUMBER,
TBRACCD_CSHR_END_DATE,
TBRACCD_ENTRY_DATE,
TZRARCI_INVOICE_STATUS_IND,
TZRARCI_NFAC_STATUS, 
TZRARCI_RATE, 
TZRARCI_LEVL_CODE
from TBRACCD left join TZRARCI on TBRACCD_PIDM = TZRARCI_PIDM AND TBRACCD_TRAN_NUMBER = TZRARCI_TRAN_NUMBER]]></source>
		
		<adapterClass>net.hedtech.banner.arsys.Tziarci.model.TbraccdTzrarciAdapter</adapterClass>
		
		<defaultWhereClause><![CDATA[TBRACCD_PIDM = :PIDM AND (TBRACCD_DETAIL_CODE IN (select TBRDCUR_DETAIL_CODE FROM TBRDCUR WHERE TBRDCUR_DETAIL_CODE = TBRACCD_DETAIL_CODE AND TBRDCUR_CURR_CODE = :CURR_CODE) OR ( :CURR_CODE IN (select f_get_currency_gdc(TBRACCD_DETAIL_CODE) from dual))) AND (TZRARCI_CAMP_CODE = ( SELECT TZRARCI_CAMP_CODE FROM TZRARCI WHERE ( TZRARCI_PIDM  = TBRACCD_PIDM ) AND ( TZRARCI_TRAN_NUMBER = TBRACCD_TRAN_NUMBER) AND ( TZRARCI_CAMP_CODE = TZRARCI_CAMP_CODE)) OR TZRARCI_CAMP_CODE IS NULL) AND (TZRARCI_SITE_CODE = ( SELECT TZRARCI_SITE_CODE FROM TZRARCI WHERE ( TZRARCI_PIDM  = TBRACCD_PIDM ) AND ( TZRARCI_TRAN_NUMBER = TBRACCD_TRAN_NUMBER ) AND ( TZRARCI_SITE_CODE = TZRARCI_SITE_CODE )) OR TZRARCI_SITE_CODE IS NULL) AND (TZRARCI_MAJR_CODE = (SELECT TZRARCI_MAJR_CODE FROM TZRARCI WHERE ( TZRARCI_PIDM  = TBRACCD_PIDM ) AND ( TZRARCI_TRAN_NUMBER = TBRACCD_TRAN_NUMBER ) AND ( TZRARCI_MAJR_CODE = TZRARCI_MAJR_CODE)) OR TZRARCI_MAJR_CODE IS NULL) AND (TZRARCI_INVOICE_STATUS_IND = (SELECT TZRARCI_INVOICE_STATUS_IND END FROM TZRARCI WHERE (TZRARCI_PIDM = TBRACCD_PIDM ) AND (TZRARCI_TRAN_NUMBER = TBRACCD_TRAN_NUMBER ) AND (TZRARCI_INVOICE_STATUS_IND = TZRARCI_INVOICE_STATUS_IND)) OR TZRARCI_INVOICE_STATUS_IND IS NULL)]]></defaultWhereClause>
		<defaultOrderByClause><![CDATA[TBRACCD_TRAN_NUMBER DESC]]></defaultOrderByClause>
		<precomputeSummaries>true</precomputeSummaries><pagination enabled="true" maximumRows="10"/>
		
		
		
	</manager>
</b:beans>