<?xml version="1.0" encoding="UTF-8"?>
<b:beans 
	xmlns="urn:schemas:morphis:foundations:valueset"
	xmlns:xsi="http://www.w3.org/2001/XMLSchema-instance" 
	xmlns:b="http://www.springframework.org/schema/beans"
	xsi:schemaLocation="http://www.springframework.org/schema/beans http://www.springframework.org/schema/beans/spring-beans.xsd urn:schemas:morphis:foundations:valueset http://www.morphis-tech.com/schema/foundations/valueset.xsd">
	
	<valueSet id="GTVCURR_RG.ValueSet.Config" name="GTVCURR_RG">
		<columns>
			<column name="GTVCURR_CURR_CODE" type="String" size="0"/>
			<column name="GTVCURR_RATE_EFF_DATE" type="String" size="0"/>
			<column name="GTVCURR_ACTIVITY_DATE" type="String" size="0"/>
			<column name="GTVCURR_USER_ID" type="String" size="0"/>
			<column name="GTVCURR_RATE_NCHG_DATE" type="String" size="0"/>
			<column name="GTVCURR_RATE_TERM_DATE" type="String" size="0"/>
			<column name="GTVCURR_TITLE" type="String" size="0"/>
			<column name="GTVCURR_STATUS_IND" type="String" size="0"/>
			<column name="GTVCURR_AP_ACCT" type="String" size="0"/>
			<column name="GTVCURR_NATION_CODE" type="String" size="0"/>
			<column name="GTVCURR_CONV_TYPE" type="String" size="0"/>
			<column name="GTVCURR_EXCH_ACCT" type="String" size="0"/>
			<column name="GTVCURR_BANK_CODE" type="String" size="0"/>
			<column name="GTVCURR_DISB_AGENT_PIDM" type="String" size="0"/>
			<column name="GTVCURR_AP_ACCT2" type="String" size="0"/>
			<column name="GTVCURR_EXCH_ACCT2" type="String" size="0"/>
		</columns>
		<query><![CDATA[SELECT GTVCURR_CURR_CODE,
       TO_CHAR(GTVCURR_RATE_EFF_DATE,'DD-MON-YYYY')
         GTVCURR_RATE_EFF_DATE,
       TO_CHAR(GTVCURR_ACTIVITY_DATE,'DD-MON-YYYY')
         GTVCURR_ACTIVITY_DATE,
       GTVCURR_USER_ID,
       TO_CHAR(GTVCURR_RATE_NCHG_DATE,'DD-MON-YYYY')
         GTVCURR_RATE_NCHG_DATE,
       TO_CHAR(GTVCURR_RATE_TERM_DATE,'DD-MON-YYYY')
         GTVCURR_RATE_TERM_DATE,
       GTVCURR_TITLE,
       GTVCURR_STATUS_IND,
       GTVCURR_AP_ACCT,
       GTVCURR_NATION_CODE,
       GTVCURR_CONV_TYPE,
       GTVCURR_EXCH_ACCT,
       GTVCURR_BANK_CODE,
       GTVCURR_DISB_AGENT_PIDM,
       GTVCURR_AP_ACCT2,
       GTVCURR_EXCH_ACCT2
  FROM GTVCURR
 WHERE GTVCURR_RATE_EFF_DATE <= SYSDATE
   AND (    GTVCURR_RATE_NCHG_DATE IS NULL
         OR GTVCURR_RATE_NCHG_DATE > SYSDATE
       )
   AND (    GTVCURR_RATE_TERM_DATE IS NULL
         OR GTVCURR_RATE_TERM_DATE > SYSDATE
       )
   AND GTVCURR_STATUS_IND = 'A'
 ORDER BY GTVCURR_CURR_CODE]]>
		</query>
		<parameters>
		</parameters>
	</valueSet>
</b:beans>