<?xml version="1.0" encoding="UTF-8"?>
<b:beans 
	xmlns="urn:schemas:morphis:foundations:businessobject"
	xmlns:xsi="http://www.w3.org/2001/XMLSchema-instance" 
	xmlns:b="http://www.springframework.org/schema/beans"
	xsi:schemaLocation="http://www.springframework.org/schema/beans http://www.springframework.org/schema/beans/spring-beans.xsd urn:schemas:morphis:foundations:businessobject http://www.morphis-tech.com/schema/foundations/businessobject.xsd">
	<manager id="TZIARCI_CTRL.Manager.Config" name="TZIARCI_CTRL">
		<kind>SimpleBusinessObject</kind>
		<items>
			<item name="ACCOUNT_BALANCE" logicalName="accountBalance" type="java.math.BigDecimal">
			</item>
			<item name="QUERY_BALANCE" logicalName="queryBalance" type="java.math.BigDecimal">
				<value>
					<summary function="SUM"/>
				</value>
			</item>
			<item name="AMOUNT_DUE" logicalName="amountDue" type="java.math.BigDecimal">
			</item>
			<item name="TAX_QUERY_BALANCE" logicalName="taxQueryBalance" type="java.math.BigDecimal">
			</item>
			<item name="TAX_ACCOUNT_BALANCE" logicalName="taxAccountBalance" type="java.math.BigDecimal">
			</item>
			<item name="TAX_AMOUNT_DUE" logicalName="taxAmountDue" type="java.math.BigDecimal">
			</item>
			<item name="NET_QUERY_BALANCE" logicalName="netQueryBalance" type="java.math.BigDecimal">
			</item>
			<item name="NET_ACCOUNT_BALANCE" logicalName="netAccountBalance" type="java.math.BigDecimal">
			</item>
			<item name="NET_AMOUNT_DUE" logicalName="netAmountDue" type="java.math.BigDecimal">
			</item>
			<item name="MEMO_BALANCE" logicalName="memoBalance" type="java.math.BigDecimal">
			</item>
			<item name="NSF_COUNT" logicalName="nsfCount" type="java.math.BigDecimal">
			</item>
			<item name="AUTH_AID_BALANCE" logicalName="authAidBalance" type="java.math.BigDecimal">
			</item>
			<item name="RECEIPT" logicalName="receipt" type="String">
			</item>
		</items>

		<managerClass>net.hedtech.banner.arsys.Tziarci.model.TziarciCtrl</managerClass>
	</manager>
</b:beans>