<?xml version="1.0" encoding="UTF-8"?>
<b:beans 
	xmlns="urn:schemas:morphis:foundations:formmodel"
	xmlns:xsi="http://www.w3.org/2001/XMLSchema-instance" 
	xmlns:b="http://www.springframework.org/schema/beans"
	xsi:schemaLocation="http://www.springframework.org/schema/beans http://www.springframework.org/schema/beans/spring-beans.xsd urn:schemas:morphis:foundations:formmodel http://www.morphis-tech.com/schema/foundations/formmodel.xsd">
	
	<b:import resource="classpath:/net/hedtech/banner/arsys/Tziarci/model/KEY_BLOCK.Manager.Config.xml"/>
	<b:import resource="classpath:/net/hedtech/banner/arsys/Tziarci/model/BUTTON_CONTROL_BLOCK.Manager.Config.xml"/>
	<b:import resource="classpath:/net/hedtech/banner/arsys/Tziarci/model/FORM_HEADER.Manager.Config.xml"/>
	<b:import resource="classpath:/net/hedtech/banner/arsys/Tziarci/model/TBRACCD_TZRARCI.Manager.Config.xml"/>
	<b:import resource="classpath:/net/hedtech/banner/arsys/Tziarci/model/TZIARCI_CTRL.Manager.Config.xml"/>
	<b:import resource="classpath:/net/hedtech/banner/arsys/Tziarci/model/TZIARCI.ValueSet.Config.xml"/>
	
	<formModel id="TZIARCI.Model.Config" name="TZIARCI">
		<modelClass>net.hedtech.banner.arsys.Tziarci.model.TziarciModel</modelClass>
		<parameters>
		</parameters>
		<businessObjects>
			<businessObject name="KEY_BLOCK" manager="KEY_BLOCK.Manager.Config">
			</businessObject>
			<businessObject name="BUTTON_CONTROL_BLOCK" manager="BUTTON_CONTROL_BLOCK.Manager.Config">
			</businessObject>
			<businessObject name="FORM_HEADER" manager="FORM_HEADER.Manager.Config">
			</businessObject>
			<businessObject name="TBRACCD_TZRARCI" manager="TBRACCD_TZRARCI.Manager.Config">
			</businessObject>
			<businessObject name="TZIARCI_CTRL" manager="TZIARCI_CTRL.Manager.Config">
				<summaries>
					<item name="QUERY_BALANCE" summarizedBusinessObject="TBRACCD_TZRARCI" summarizedItem="TBRACCD_BALANCE"/>
				</summaries>
			</businessObject>
		</businessObjects>
		<valueSets>
			<valueSet config="GTVCURR_RG.ValueSet.Config"/>
		</valueSets>
	</formModel>
</b:beans>