<?xml version="1.0" encoding="UTF-8"?>
<b:beans 
	xmlns="urn:schemas:morphis:foundations:formmodel"
	xmlns:xsi="http://www.w3.org/2001/XMLSchema-instance" 
	xmlns:b="http://www.springframework.org/schema/beans"
	xsi:schemaLocation="http://www.springframework.org/schema/beans http://www.springframework.org/schema/beans/spring-beans.xsd urn:schemas:morphis:foundations:formmodel http://www.morphis-tech.com/schema/foundations/formmodel.xsd">
	
	<b:import resource="classpath:/net/hedtech/banner/arsys/Tzarlog/model/TZRRLOG.Manager.Config.xml"/>
	<b:import resource="classpath:/net/hedtech/banner/arsys/Tzarlog/model/KEY_BLOCK.Manager.Config.xml"/>
	<b:import resource="classpath:/net/hedtech/banner/arsys/Tzarlog/model/BUTTON_CONTROL_BLOCK.Manager.Config.xml"/>
	<b:import resource="classpath:/net/hedtech/banner/arsys/Tzarlog/model/FORM_HEADER.Manager.Config.xml"/>
	<b:import resource="classpath:/net/hedtech/banner/arsys/Tzarlog/model/TZRRLOG_DETAIL.Manager.Config.xml"/>
	<b:import resource="classpath:/net/hedtech/banner/arsys/Tzarlog/model/TZARLOG.ValueSet.Config.xml"/>
	
	<formModel id="TZARLOG.Model.Config" name="TZARLOG">
		<modelClass>net.hedtech.banner.arsys.Tzarlog.model.TzarlogModel</modelClass>
		<parameters>
		</parameters>
		<businessObjects>
			<businessObject name="TZRRLOG" manager="TZRRLOG.Manager.Config">
				<associations>
					<association child="TZRRLOG_DETAIL" autoQuery="false">
						<mapping parent="TZRRLOG_USER_ID" child="TZRRLOG_USER_ID"/>
						<mapping parent="TZRRLOG_ACTIVITY_DATE" child="TZRRLOG_ACTIVITY_DATE"/>
						<mapping parent="TZRRLOG_LOG" child="TZRRLOG_LOG"/>
					</association>
				</associations>
			</businessObject>
			<businessObject name="KEY_BLOCK" manager="KEY_BLOCK.Manager.Config">
			</businessObject>
			<businessObject name="BUTTON_CONTROL_BLOCK" manager="BUTTON_CONTROL_BLOCK.Manager.Config">
			</businessObject>
			<businessObject name="FORM_HEADER" manager="FORM_HEADER.Manager.Config">
			</businessObject>
			<businessObject name="TZRRLOG_DETAIL" manager="TZRRLOG_DETAIL.Manager.Config">
			</businessObject>
		</businessObjects>
		<valueSets>
			<valueSet config="TZRRLOG_RG.ValueSet.Config"/>
		</valueSets>
	</formModel>
</b:beans>