<?xml version="1.0" encoding="UTF-8"?>
<b:beans 
	xmlns="urn:schemas:morphis:foundations:valueset"
	xmlns:xsi="http://www.w3.org/2001/XMLSchema-instance" 
	xmlns:b="http://www.springframework.org/schema/beans"
	xsi:schemaLocation="http://www.springframework.org/schema/beans http://www.springframework.org/schema/beans/spring-beans.xsd urn:schemas:morphis:foundations:valueset http://www.morphis-tech.com/schema/foundations/valueset.xsd">
	
	<valueSet id="TZRRLOG_RG.ValueSet.Config" name="TZRRLOG_RG">
		<columns>
			<column name="TZRRLOG_PROCESS" type="String" size="30"/>
		</columns>
		<query><![CDATA[select DISTINCT(TZRRLOG_PROCESS) AS TZRRLOG_PROCESS FROM tzrrlog
		]]>
		</query>
		<parameters>
		</parameters>
	</valueSet>
</b:beans>