<?xml version="1.0" encoding="UTF-8"?>
<b:beans 
	xmlns="urn:schemas:morphis:foundations:businessobject"
	xmlns:xsi="http://www.w3.org/2001/XMLSchema-instance" 
	xmlns:b="http://www.springframework.org/schema/beans"
	xsi:schemaLocation="http://www.springframework.org/schema/beans http://www.springframework.org/schema/beans/spring-beans.xsd urn:schemas:morphis:foundations:businessobject http://www.morphis-tech.com/schema/foundations/businessobject.xsd">
	<manager id="TZRRLOG_DETAIL.Manager.Config" name="TZRRLOG">
		<items>
			<item name="TZRRLOG_LOG" logicalName="tzrrlogLog" type="java.lang.String" physicalName="TZRRLOG_LOG">
			</item>
			<item name="TZRRLOG_USER_ID" logicalName="tzrrlogUserId" type="java.lang.String" physicalName="TZRRLOG_USER_ID">
			</item>
			<item name="TZRRLOG_ACTIVITY_DATE" logicalName="tzrrlogActivityDate" type="java.util.Date" physicalName="TZRRLOG_ACTIVITY_DATE">
			</item>
		</items>
		
		<adapterClass>net.hedtech.banner.arsys.Tzarlog.model.TzrrlogDetailAdapter</adapterClass>
		
		
		
		
	</manager>
</b:beans>