<?xml version="1.0" encoding="UTF-8"?>
<b:beans 
	xmlns="urn:schemas:morphis:foundations:formmodel"
	xmlns:xsi="http://www.w3.org/2001/XMLSchema-instance" 
	xmlns:b="http://www.springframework.org/schema/beans"
	xsi:schemaLocation="http://www.springframework.org/schema/beans http://www.springframework.org/schema/beans/spring-beans.xsd urn:schemas:morphis:foundations:formmodel http://www.morphis-tech.com/schema/foundations/formmodel.xsd">
	
	<b:import resource="classpath:/net/hedtech/banner/arsys/itesm/arsys/Tzamppp/model/TZRMPPP.Manager.Config.xml"/>
	<b:import resource="classpath:/net/hedtech/banner/arsys/itesm/arsys/Tzamppp/model/KEY_BLOCK.Manager.Config.xml"/>
	<b:import resource="classpath:/net/hedtech/banner/arsys/itesm/arsys/Tzamppp/model/BUTTON_CONTROL_BLOCK.Manager.Config.xml"/>
	<b:import resource="classpath:/net/hedtech/banner/arsys/itesm/arsys/Tzamppp/model/FORM_HEADER.Manager.Config.xml"/>
	<b:import resource="classpath:/net/hedtech/banner/arsys/itesm/arsys/Tzamppp/model/TZAMPPP.ValueSet.Config.xml"/>
	
	<formModel id="TZAMPPP.Model.Config" name="TZAMPPP">
		<modelClass>net.hedtech.banner.arsys.itesm.arsys.Tzamppp.model.TzampppModel</modelClass>
		<parameters>
		</parameters>
		<businessObjects>
			<businessObject name="TZRMPPP" manager="TZRMPPP.Manager.Config">
			</businessObject>
			<businessObject name="KEY_BLOCK" manager="KEY_BLOCK.Manager.Config">
			</businessObject>
			<businessObject name="BUTTON_CONTROL_BLOCK" manager="BUTTON_CONTROL_BLOCK.Manager.Config">
			</businessObject>
			<businessObject name="FORM_HEADER" manager="FORM_HEADER.Manager.Config">
			</businessObject>
		</businessObjects>
		<valueSets>
			<valueSet config="STVTERM_RG.ValueSet.Config"/>
			<valueSet config="TZRMPPP_LEVL_CODE.ValueSet.Config"/>
		</valueSets>
	</formModel>
</b:beans>