<?xml version="1.0" encoding="UTF-8"?>
<b:beans 
	xmlns="urn:schemas:morphis:foundations:businessobject"
	xmlns:xsi="http://www.w3.org/2001/XMLSchema-instance" 
	xmlns:b="http://www.springframework.org/schema/beans"
	xsi:schemaLocation="http://www.springframework.org/schema/beans http://www.springframework.org/schema/beans/spring-beans.xsd urn:schemas:morphis:foundations:businessobject http://www.morphis-tech.com/schema/foundations/businessobject.xsd">
	<manager id="TZRMPPP.Manager.Config" name="TZRMPPP">
		<items>
			<item name="TZRMPPP_PAY_PLAN_TYPE" logicalName="tzrmpppPayPlanType" type="java.lang.String" physicalName="TZRMPPP_PAY_PLAN_TYPE">
			</item>
			<item name="TZRMPPP_INSTALLMENT_PLAN" logicalName="tzrmpppInstallmentPlan" type="java.lang.String" physicalName="TZRMPPP_INSTALLMENT_PLAN">
			</item>
			<item name="TZRMPPP_TERM_CODE" logicalName="tzrmpppTermCode" type="java.lang.String" physicalName="TZRMPPP_TERM_CODE">
			</item>
			<item name="TZRMPPP_PAY_PLAN_DESC" logicalName="tzrmpppPayPlanDesc" type="java.lang.String" physicalName="TZRMPPP_PAY_PLAN_DESC">
			</item>
			<item name="TZRMPPP_NUMBER_OF_PAYMENTS" logicalName="tzrmpppNumberOfPayments" type="java.math.BigDecimal" physicalName="TZRMPPP_NUMBER_OF_PAYMENTS">
			</item>
			<item name="TZRMPPP_SELECT_STATUS" logicalName="tzrmpppSelectStatus" type="java.lang.String" physicalName="TZRMPPP_SELECT_STATUS">
			</item>
			<item name="TZRMPPP_DATA_ORIGIN" logicalName="tzrmpppDataOrigin" type="java.lang.String" physicalName="TZRMPPP_DATA_ORIGIN">
			</item>
			<item name="TZRMPPP_CREATE_USER_ID" logicalName="tzrmpppCreateUserId" type="java.lang.String" physicalName="TZRMPPP_CREATE_USER_ID">
			</item>
			<item name="TZRMPPP_ACTIVITY_DATE" logicalName="tzrmpppActivityDate" type="java.util.Date" physicalName="TZRMPPP_ACTIVITY_DATE">
			</item>
			<item name="TZRMPPP_DEFAULT" logicalName="tzrmpppDefault" type="java.lang.String" physicalName="TZRMPPP_DEFAULT">
			</item>
			<item name="TZRMPPP_LEVL_CODE" logicalName="tzrmpppLevlCode" type="String" physicalName="TZRMPPP_LEVL_CODE">
			</item>
		</items>
		
		<adapterClass>net.hedtech.banner.arsys.itesm.arsys.Tzamppp.model.TzrmpppAdapter</adapterClass>
		
		<defaultWhereClause><![CDATA[TZRMPPP_TERM_CODE=:TERM_CODE AND TZRMPPP_LEVL_CODE=:LEVL_CODE]]></defaultWhereClause>
		
		
		
	</manager>
</b:beans>