<?xml version="1.0" encoding="UTF-8" standalone="yes"?>
<Lovs>
    <Lov RecordGroup="GTVSDAX_SHIPPING_STATUS_RG" Height="500" UseHeight="true" Width="400" UseWidth="true" Title="gtvsdax.lov.title" Name="GTVSDAX_SHIPPING_STATUS_LOV">
        <Columns>
            <Column ReturnItem="KEY_BLOCK.SHIPPING_STATUS" Width="60" Title="gtvsdax.lov.externalCode.label" DataMember="GTVSDAX_EXTERNAL_CODE"/>
            <Column ReturnItem="KEY_BLOCK.SHIPPING_STATUS_DESCRIPTION" Width="120" Title="gtvsdax.lov.desc.label" DataMember="GTVSDAX_DESC"/>
        </Columns>
    </Lov>
    <Lov RecordGroup="GTVSDAX_PROCESS_RG" Height="500" UseHeight="true" Width="400" UseWidth="true" Title="gtvsdax.lov.process.title" Name="GTVSDAX_PROCESS_LOV">
        <Columns>
            <Column ReturnItem="KEY_BLOCK.PROCESS_CODE" Width="50" Title="gtvsdax.lov.process.externalCode.label" DataMember="GTVSDAX_EXTERNAL_CODE"/>
            <Column ReturnItem="KEY_BLOCK.PROCESS_DESCRIPTION" Width="50" Title="gtvsdax.lov.process.desc.label" DataMember="GTVSDAX_DESC"/>
        </Columns>
    </Lov>
    <Lov RecordGroup="GTVSDAX_SHIPPING_STATUS_2_RG" Height="500" UseHeight="true" Width="400" UseWidth="true" Title="gtvsdax.lov.title" Name="GTVSDAX_SHIPPING_STATUS_2_LOV">
        <Columns>
            <Column ReturnItem="TZRHSTB.TZRHSTB_PROCESS_IND" Width="60" Title="gtvsdax.lov.externalCode.label" DataMember="GTVSDAX_EXTERNAL_CODE"/>
            <Column ReturnItem="TZRHSTB.TZRHSTB_PROCESS_IND_DESC" Width="120" Title="gtvsdax.lov.desc.label" DataMember="GTVSDAX_DESC"/>
        </Columns>
    </Lov>
    <Lov RecordGroup="SPRIDEN_RG" Height="500" Width="400" Title="spridenLov.title" Name="SPRIDEN_LOV">
        <Columns>
            <Column ReturnItem="KEY_BLOCK.ID" Width="50" DataMember="SPRIDEN_ID"/>
            <Column ReturnItem="KEY_BLOCK.ID_DESCRIPTION" Width="50" DataMember="NAME"/>
            <Column Width="50" DataMember="SPRIDEN_ACTIVITY_DATE"/>
        </Columns>
    </Lov>
</Lovs>
