<?xml version="1.0" encoding="UTF-8" standalone="yes"?>
<FormStructure AlertDataPath="/net/hedtech/banner/arsys/Tzamonf/TzamonfAlerts.xml" FirstNavigationBlock="KEY_BLOCK" LovDataPath="/net/hedtech/banner/arsys/Tzamonf/TzamonfLovs.xml" Name="TZAMONF">
    <Visual>
        <Window Id="MAIN_WINDOW" Url="net/hedtech/banner/arsys/Tzamonf/views/ViewMainWindow">
            <StackedCanvas Id="MAIN_CANVAS"/>
            <ContentCanvas Id="KEY_BLOCK_CANVAS"/>
            <StackedCanvas Id="G$_WELCOME_CANVAS" Visible="false"/>
        </Window>
    </Visual>
    <Logic>
        <Block Id="BUTTON_CONTROL_BLOCK">
            <Item DataType="String" Id="CHECK_KEYS" Type="TextItem"/>
        </Block>
        <Block Id="FORM_HEADER">
            <Item DataType="String" Id="CURRENT_FORM" Type="TextItem"/>
            <Item DataType="String" Id="CURRENT_RELEASE" Type="TextItem"/>
            <Item DataType="String" Id="CURRENT_INSTITUTION" Type="TextItem"/>
            <Item DataType="String" Id="CURRENT_TIME" Type="TextItem"/>
            <Item DataType="String" Id="CURRENT_DATE" Type="TextItem"/>
            <Item DataType="String" Id="HEADER_FLAG" Type="TextItem"/>
            <Item DataType="String" Id="WORKFLD" Type="TextItem"/>
            <Item DataType="String" Id="WORKDATE" Type="TextItem"/>
        </Block>
        <Block FirstNavigationItem="DATE_FROM" Id="KEY_BLOCK" NextBlock="TZRHSTB" PreviousBlock="TZRRLOG">
            <Item CanvasName="KEY_BLOCK_CANVAS" Id="EXECUTE_BTN" Type="Button"/>
            <Item CanvasName="KEY_BLOCK_CANVAS" Id="KEY-CLRFRM_BTN" Type="Button" Visible="false"/>
            <Item CanvasName="KEY_BLOCK_CANVAS" FormatMask="DD-MON-YYYY" Id="DATE_FROM" Label="tzamonf.keyblock.dateFrom.label" NextItem="DATE_TO" Type="TextItem"/>
            <Item CanvasName="KEY_BLOCK_CANVAS" FormatMask="DD-MON-YYYY" Id="DATE_TO" Label="tzamonf.keyblock.dateTo.label" NextItem="ID" Type="TextItem"/>
            <Item CanvasName="KEY_BLOCK_CANVAS" Id="ID" Label="tzamonf.keyblock.id.label" NextItem="SHIPPING_STATUS" Type="TextItem" ValidateFromList="true"/>
            <Item CanvasName="KEY_BLOCK_CANVAS" Id="ID_LBT" Type="TextItem"/>
            <Item AllowInsert="false" AllowUpdate="false" CanvasName="KEY_BLOCK_CANVAS" Id="ID_DESCRIPTION" Type="TextItem"/>
            <Item CanvasName="KEY_BLOCK_CANVAS" Id="SHIPPING_STATUS" Label="tzamonf.keyblock.shippingStatus.label" Lov="GTVSDAX_SHIPPING_STATUS_LOV" NextItem="PROCESS_CODE" Type="TextItem"/>
            <Item AllowInsert="false" AllowUpdate="false" CanvasName="KEY_BLOCK_CANVAS" Id="SHIPPING_STATUS_DESCRIPTION" Type="TextItem"/>
            <Item CanvasName="KEY_BLOCK_CANVAS" Id="PROCESS_CODE" Label="tzamonf.keyblock.process.label" Lov="GTVSDAX_PROCESS_LOV" NextItem="ID_PROCESS" Type="TextItem"/>
            <Item AllowInsert="false" AllowUpdate="false" CanvasName="KEY_BLOCK_CANVAS" Id="PROCESS_DESCRIPTION" Type="TextItem"/>
            <Item CanvasName="KEY_BLOCK_CANVAS" Id="ID_PROCESS" Label="tzamonf.keyblock.idProcess.label" NextItem="DATE_FROM" Type="TextItem"/>
        </Block>
        <Block AllowInsert="false" FirstNavigationItem="TZRHSTB_ID_PROCESS" Id="TZRHSTB" MultiRecord="true" NextBlock="TZRRLOG" PreviousBlock="KEY_BLOCK">
            <Item AllowInsert="false" AllowUpdate="false" CanvasName="MAIN_CANVAS" Id="TZRHSTB_ID_PROCESS" Label="tzrhstb.idProcess.label" NextItem="TZRHSTB_PROCESS_IND" Type="TextItem"/>
            <Item CanvasName="MAIN_CANVAS" Id="TZRHSTB_PROCESS_IND" Label="tzrhstb.processInd.label" Lov="GTVSDAX_SHIPPING_STATUS_2_LOV" NextItem="TZRARCI_NFAC_STATUS_CHG" Type="TextItem"/>
            <Item AllowInsert="false" AllowUpdate="false" CanvasName="MAIN_CANVAS" Id="TZRHSTB_PROCESS_IND_DESC" Label="tzrhstb.processIndDesc.label" Type="TextItem"/>
            <Item AllowInsert="false" AllowUpdate="false" CanvasName="MAIN_CANVAS" Id="TZRARCI_NFAC_STATUS_CHG" Label="tzrhstb.nfacStatusChg.label" NextItem="TZRARCI_NFAC_STATUS_PAY" Type="TextItem"/>
            <Item AllowInsert="false" AllowUpdate="false" CanvasName="MAIN_CANVAS" Id="TZRARCI_NFAC_STATUS_PAY" Label="tzrhstb.nfacStatusPay.label" NextItem="TZRHSTB_AMOUNT_INV" Type="TextItem"/>
            <Item AllowInsert="false" AllowUpdate="false" CanvasName="MAIN_CANVAS" Id="TZRHSTB_AMOUNT_INV" Label="tzrhstb.amountInv.label" NextItem="TZRHSTB_CURRENCY_PAY" Type="TextItem"/>
            <Item AllowInsert="false" AllowUpdate="false" CanvasName="MAIN_CANVAS" Id="TZRHSTB_CURRENCY_PAY" Label="tzrhstb.currencyPay.label" NextItem="TZRHSTB_ID" Type="TextItem"/>
            <Item AllowInsert="false" AllowUpdate="false" CanvasName="MAIN_CANVAS" Id="TZRHSTB_ID" Label="tzrhstb.id.label" NextItem="TZRHSTB_FULL_NAME" Type="TextItem"/>
            <Item AllowInsert="false" AllowUpdate="false" CanvasName="MAIN_CANVAS" Id="TZRHSTB_FULL_NAME" Label="tzrhstb.fullName.label" NextItem="TZRHSTB_RFC_CLIENT_RET" Type="TextItem"/>
            <Item AllowInsert="false" AllowUpdate="false" CanvasName="MAIN_CANVAS" Id="TZRHSTB_RFC_CLIENT_RET" Label="tzrhstb.rfcClientRet.label" NextItem="TZRHSTB_TRAN_NUM_CHG" Type="TextItem"/>
            <Item AllowInsert="false" AllowUpdate="false" CanvasName="MAIN_CANVAS" Id="TZRHSTB_TRAN_NUM_CHG" Label="tzrhstb.tranNumChg.label" NextItem="TZRHSTB_DETAIL_CODE_CHG" Type="TextItem"/>
            <Item AllowInsert="false" AllowUpdate="false" CanvasName="MAIN_CANVAS" Id="TZRHSTB_DETAIL_CODE_CHG" Label="tzrhstb.detailCodeChg.label" Type="TextItem"/>
            <Item AllowInsert="false" AllowUpdate="false" CanvasName="MAIN_CANVAS" Id="TZRHSTB_DESC_CODE_CHG" Label="tzrhstb.descCodeChg.label" NextItem="TZRHSTB_CAMPUS_CHG" Type="TextItem"/>
            <Item AllowInsert="false" AllowUpdate="false" CanvasName="MAIN_CANVAS" Id="TZRHSTB_CAMPUS_CHG" Label="tzrhstb.campusChg.label" NextItem="TZRHSTB_CAMPUS_DESC_CHG" Type="TextItem"/>
            <Item AllowInsert="false" AllowUpdate="false" CanvasName="MAIN_CANVAS" Id="TZRHSTB_CAMPUS_DESC_CHG" Label="tzrhstb.campusDescChg.label" NextItem="TZRHSTB_TRANSACTION_DATE_CHG" Type="TextItem"/>
            <Item AllowInsert="false" AllowUpdate="false" CanvasName="MAIN_CANVAS" Id="TZRHSTB_TRANSACTION_DATE_CHG" Label="tzrhstb.transactionDateChg.label" NextItem="TZRHSTB_EFFECTIVE_DATE_CHG" Type="TextItem"/>
            <Item AllowInsert="false" AllowUpdate="false" CanvasName="MAIN_CANVAS" Id="TZRHSTB_EFFECTIVE_DATE_CHG" Label="tzrhstb.effectiveDateChg.label" NextItem="TZRHSTB_TERM_CHG" Type="TextItem"/>
            <Item AllowInsert="false" AllowUpdate="false" CanvasName="MAIN_CANVAS" Id="TZRHSTB_TERM_CHG" Label="tzrhstb.termChg.label" NextItem="TZRHSTB_TERM_DESC_CHG" Type="TextItem"/>
            <Item AllowInsert="false" AllowUpdate="false" CanvasName="MAIN_CANVAS" Id="TZRHSTB_TERM_DESC_CHG" Label="tzrhstb.termDescChg.label" NextItem="TZRHSTB_CAMPUS_PAY" Type="TextItem"/>
            <Item AllowInsert="false" AllowUpdate="false" CanvasName="MAIN_CANVAS" Id="TZRHSTB_CAMPUS_PAY" Label="tzrhstb.campusPay.label" NextItem="TZRHSTB_CAMPUS_DESC_PAY" Type="TextItem"/>
            <Item AllowInsert="false" AllowUpdate="false" CanvasName="MAIN_CANVAS" Id="TZRHSTB_CAMPUS_DESC_PAY" Label="tzrhstb.campusDescPay.label" NextItem="TZRHSTB_TRAN_NUM_PAY" Type="TextItem"/>
            <Item AllowInsert="false" AllowUpdate="false" CanvasName="MAIN_CANVAS" Id="TZRHSTB_TRAN_NUM_PAY" Label="tzrhstb.tranNumPay.label" NextItem="TZRHSTB_DETAIL_CODE_PAY" Type="TextItem"/>
            <Item AllowInsert="false" AllowUpdate="false" CanvasName="MAIN_CANVAS" Id="TZRHSTB_DETAIL_CODE_PAY" Label="tzrhstb.detailCodePay.label" NextItem="TZRHSTB_DESC_CODE_PAY" Type="TextItem"/>
            <Item AllowInsert="false" AllowUpdate="false" CanvasName="MAIN_CANVAS" Id="TZRHSTB_DESC_CODE_PAY" Label="tzrhstb.descCodePay.label" NextItem="TZRHSTB_TRANSACTION_DATE_PAY" Type="TextItem"/>
            <Item AllowInsert="false" AllowUpdate="false" CanvasName="MAIN_CANVAS" Id="TZRHSTB_TRANSACTION_DATE_PAY" Label="tzrhstb.transactionDatePay.label" NextItem="TZRHSTB_EFFECTIVE_DATE_PAY" Type="TextItem"/>
            <Item AllowInsert="false" AllowUpdate="false" CanvasName="MAIN_CANVAS" Id="TZRHSTB_EFFECTIVE_DATE_PAY" Label="tzrhstb.effectiveDatePay.label" NextItem="TZRHSTB_SERIE_RET" Type="TextItem"/>
            <Item AllowInsert="false" AllowUpdate="false" CanvasName="MAIN_CANVAS" Id="TZRHSTB_SERIE_RET" Label="tzrhstb.serieRet.label" NextItem="TZRHSTB_INVOICE_NUM_RET" Type="TextItem"/>
            <Item AllowInsert="false" AllowUpdate="false" CanvasName="MAIN_CANVAS" Id="TZRHSTB_INVOICE_NUM_RET" Label="tzrhstb.invoiceNumRet.label" NextItem="TZRHSTB_STATUS_ID_RET" Type="TextItem"/>
            <Item AllowInsert="false" AllowUpdate="false" CanvasName="MAIN_CANVAS" Id="TZRHSTB_STATUS_ID_RET" Label="tzrhstb.statusIdRet.label" NextItem="TZRHSTB_VERSION_RET" Type="TextItem"/>
            <Item AllowInsert="false" AllowUpdate="false" CanvasName="MAIN_CANVAS" Id="TZRHSTB_VERSION_RET" Label="tzrhstb.versionRet.label" NextItem="TZRHSTB_COMP_TYPE_RET" Type="TextItem"/>
            <Item AllowInsert="false" AllowUpdate="false" CanvasName="MAIN_CANVAS" Id="TZRHSTB_COMP_TYPE_RET" Label="tzrhstb.compTypeRet.label" NextItem="TZRHSTB_COMP_SUB_TYPE_RET" Type="TextItem"/>
            <Item AllowInsert="false" AllowUpdate="false" CanvasName="MAIN_CANVAS" Id="TZRHSTB_COMP_SUB_TYPE_RET" Label="tzrhstb.compSubTypeRet.label" NextItem="TZRHSTB_FOLIO_RET" Type="TextItem"/>
            <Item AllowInsert="false" AllowUpdate="false" CanvasName="MAIN_CANVAS" Id="TZRHSTB_FOLIO_RET" Label="tzrhstb.folioRet.label" NextItem="TZRHSTB_UUID_RET" Type="TextItem"/>
            <Item AllowInsert="false" AllowUpdate="false" CanvasName="MAIN_CANVAS" Id="TZRHSTB_UUID_RET" Label="tzrhstb.uuidRet.label" NextItem="TZRHSTB_PIDM" Type="TextItem"/>
            <Item AllowInsert="false" AllowUpdate="false" CanvasName="MAIN_CANVAS" Id="TZRHSTB_PIDM" Label="tzrhstb.pidm.label" NextItem="TZRHSTB_UUID_REL_RET" Type="TextItem"/>
            <Item AllowInsert="false" AllowUpdate="false" CanvasName="MAIN_CANVAS" Id="TZRHSTB_UUID_REL_RET" Label="tzrhstb.uuidRelRet.label" NextItem="TZRHSTB_REL_TYPE_RET" Type="TextItem"/>
            <Item AllowInsert="false" AllowUpdate="false" CanvasName="MAIN_CANVAS" Id="TZRHSTB_REL_TYPE_RET" Label="tzrhstb.relTypeRet.label" NextItem="TZRHSTB_PAYMENT_METHOD_RET" Type="TextItem"/>
            <Item AllowInsert="false" AllowUpdate="false" CanvasName="MAIN_CANVAS" Id="TZRHSTB_PAYMENT_METHOD_RET" Label="tzrhstb.paymentMethodRet.label" NextItem="TZRHSTB_PAYMENT_TYPE_RET" Type="TextItem"/>
            <Item AllowInsert="false" AllowUpdate="false" CanvasName="MAIN_CANVAS" Id="TZRHSTB_PAYMENT_TYPE_RET" Label="tzrhstb.paymentTypeRet.label" NextItem="TZRHSTB_ISSUE_DATE_RET" Type="TextItem"/>
            <Item AllowInsert="false" AllowUpdate="false" CanvasName="MAIN_CANVAS" Id="TZRHSTB_ISSUE_DATE_RET" Label="tzrhstb.issueDateRet.label" NextItem="TZRHSTB_CANCEL_DATE_RET" Type="TextItem"/>
            <Item AllowInsert="false" AllowUpdate="false" CanvasName="MAIN_CANVAS" Id="TZRHSTB_CANCEL_DATE_RET" Label="tzrhstb.cancelDateRet.label" NextItem="TZRHSTB_PROCESSED_STATUS_RET" Type="TextItem"/>
            <Item AllowInsert="false" AllowUpdate="false" CanvasName="MAIN_CANVAS" Id="TZRHSTB_PROCESSED_STATUS_RET" Label="tzrhstb.processedStatusRet.label" NextItem="TZRHSTB_USER_ID" Type="TextItem"/>
            <Item AllowInsert="false" AllowUpdate="false" CanvasName="MAIN_CANVAS" Id="TZRHSTB_USER_ID" Label="tzrhstb.userId.label" NextItem="TZRHSTB_ACTIVITY_DATE" Type="TextItem"/>
            <Item AllowInsert="false" AllowUpdate="false" CanvasName="MAIN_CANVAS" Id="TZRHSTB_ACTIVITY_DATE" Label="tzrhstb.activityDate.label" NextItem="TZRHSTB_ID_PROCESS" Type="TextItem"/>
            <Item AllowInsert="false" AllowUpdate="false" CanvasName="MAIN_CANVAS" Id="TZRHSTB_DATA_ORIGIN" Type="TextItem"/>
        </Block>
        <Block AllowDelete="false" AllowInsert="false" AllowUpdate="false" FirstNavigationItem="TZRRLOG_SEQUENCE" Id="TZRRLOG" NextBlock="KEY_BLOCK" PreviousBlock="TZRHSTB">
            <Item AllowInsert="false" AllowUpdate="false" CanvasName="MAIN_CANVAS" Id="TZRRLOG_SEQUENCE" Label="tzrrlog.sequence.label" NextItem="TZRRLOG_PIDM" PreviousItem="TZRRLOG_SURROGATE_ID_HSTB" Type="TextItem"/>
            <Item AllowInsert="false" AllowUpdate="false" CanvasName="MAIN_CANVAS" Id="TZRRLOG_PIDM" Label="tzrrlog.pidm.label" NextItem="TZRRLOG_REFERENCE" PreviousItem="TZRRLOG_SEQUENCE" Type="TextItem"/>
            <Item AllowInsert="false" AllowUpdate="false" CanvasName="MAIN_CANVAS" Id="TZRRLOG_REFERENCE" Label="tzrrlog.reference.label" NextItem="TZRRLOG_LOG" PreviousItem="TZRRLOG_PIDM" Type="TextItem"/>
            <Item AllowInsert="false" AllowUpdate="false" CanvasName="MAIN_CANVAS" Id="TZRRLOG_LOG" Label="tzrrlog.log.label" NextItem="TZRRLOG_USER_ID" PreviousItem="TZRRLOG_REFERENCE" Type="TextItem"/>
            <Item AllowInsert="false" AllowUpdate="false" CanvasName="MAIN_CANVAS" Id="TZRRLOG_USER_ID" Label="tzrrlog.userId.label" NextItem="TZRRLOG_ACTIVITY_DATE" PreviousItem="TZRRLOG_LOG" Type="TextItem"/>
            <Item AllowInsert="false" AllowUpdate="false" CanvasName="MAIN_CANVAS" Id="TZRRLOG_ACTIVITY_DATE" Label="tzrrlog.activityDate.label" NextItem="TZRRLOG_SURROGATE_ID_HSTB" PreviousItem="TZRRLOG_USER_ID" Type="TextItem"/>
            <Item AllowInsert="false" AllowUpdate="false" CanvasName="MAIN_CANVAS" Id="TZRRLOG_SURROGATE_ID_HSTB" Label="tzrrlog.surrogateIdHstb.label" NextItem="TZRRLOG_SEQUENCE" PreviousItem="TZRRLOG_ACTIVITY_DATE" Type="TextItem"/>
            <Item AllowInsert="false" AllowUpdate="false" CanvasName="MAIN_CANVAS" Id="TZRRLOG_PROCESS" Type="TextItem" Visible="false"/>
            <Item AllowInsert="false" AllowUpdate="false" CanvasName="MAIN_CANVAS" Enabled="false" Id="TZRRLOG_ID_PROCESS" Type="TextItem" Visible="false"/>
        </Block>
    </Logic>
</FormStructure>
