<?xml version="1.0" encoding="UTF-8"?>
<b:beans 
	xmlns="urn:schemas:morphis:foundations:businessobject"
	xmlns:xsi="http://www.w3.org/2001/XMLSchema-instance" 
	xmlns:b="http://www.springframework.org/schema/beans"
	xsi:schemaLocation="http://www.springframework.org/schema/beans http://www.springframework.org/schema/beans/spring-beans.xsd urn:schemas:morphis:foundations:businessobject http://www.morphis-tech.com/schema/foundations/businessobject.xsd">
	<manager id="KEY_BLOCK.Manager.Config" name="KEY_BLOCK">
		<kind>SimpleBusinessObject</kind>
		<items>
			<item name="STVTERM_CODE" logicalName="stvtermCode" type="String">
			</item>
			<item name="STVTERM_DESC" logicalName="stvtermDesc" type="String">
			</item>
			<item name="STVLEVL_CODE" logicalName="stvlevlCode" type="String">
			</item>
			<item name="STVLEVL_DESC" logicalName="stvlevlDesc" type="String">
			</item>
		</items>

		<managerClass>net.hedtech.banner.arsys.itesm.arsys.Tzampse.model.KeyBlock</managerClass>
	</manager>
</b:beans>