<?xml version="1.0" encoding="UTF-8"?>
<b:beans 
	xmlns="urn:schemas:morphis:foundations:formmodel"
	xmlns:xsi="http://www.w3.org/2001/XMLSchema-instance" 
	xmlns:b="http://www.springframework.org/schema/beans"
	xsi:schemaLocation="http://www.springframework.org/schema/beans http://www.springframework.org/schema/beans/spring-beans.xsd urn:schemas:morphis:foundations:formmodel http://www.morphis-tech.com/schema/foundations/formmodel.xsd">
	
	<b:import resource="classpath:/net/hedtech/banner/arsys/itesm/arsys/Tzampse/model/TZRMPSE.Manager.Config.xml"/>
	<b:import resource="classpath:/net/hedtech/banner/arsys/itesm/arsys/Tzampse/model/KEY_BLOCK.Manager.Config.xml"/>
	<b:import resource="classpath:/net/hedtech/banner/arsys/itesm/arsys/Tzampse/model/BUTTON_CONTROL_BLOCK.Manager.Config.xml"/>
	<b:import resource="classpath:/net/hedtech/banner/arsys/itesm/arsys/Tzampse/model/FORM_HEADER.Manager.Config.xml"/>
	<b:import resource="classpath:/net/hedtech/banner/arsys/itesm/arsys/Tzampse/model/TZAMPSE.ValueSet.Config.xml"/>
	
	<formModel id="TZAMPSE.Model.Config" name="TZAMPSE">
		<modelClass>net.hedtech.banner.arsys.itesm.arsys.Tzampse.model.TzampseModel</modelClass>
		<parameters>
		</parameters>
		<businessObjects>
			<businessObject name="TZRMPSE" manager="TZRMPSE.Manager.Config">
				<pagination enabled="true" maximumRows="10"/>
			</businessObject>
			<businessObject name="KEY_BLOCK" manager="KEY_BLOCK.Manager.Config">
			</businessObject>
			<businessObject name="BUTTON_CONTROL_BLOCK" manager="BUTTON_CONTROL_BLOCK.Manager.Config">
			</businessObject>
			<businessObject name="FORM_HEADER" manager="FORM_HEADER.Manager.Config">
			</businessObject>
		</businessObjects>
		<valueSets>
			<valueSet config="STVATTS_RG.ValueSet.Config"/>
			<valueSet config="STVLEVL_RG.ValueSet.Config"/>
			<valueSet config="STVTERM_RG.ValueSet.Config"/>
		</valueSets>
	</formModel>
</b:beans>