<?xml version="1.0" encoding="UTF-8"?>
<b:beans 
	xmlns="urn:schemas:morphis:foundations:valueset"
	xmlns:xsi="http://www.w3.org/2001/XMLSchema-instance" 
	xmlns:b="http://www.springframework.org/schema/beans"
	xsi:schemaLocation="http://www.springframework.org/schema/beans http://www.springframework.org/schema/beans/spring-beans.xsd urn:schemas:morphis:foundations:valueset http://www.morphis-tech.com/schema/foundations/valueset.xsd">
	
	<valueSet id="STVATTS_RG.ValueSet.Config" name="STVATTS_RG">
		<columns>
			<column name="STVATTS_CODE" type="String" size="4"/>
			<column name="STVATTS_DESC" type="String" size="30"/>
			<column name="STVATTS_ACTIVITY_DATE" type="Date" size="75"/>
		</columns>
		<query><![CDATA[
	SELECT stvatts_code, stvatts_desc,  stvatts_activity_date   FROM stvatts  ORDER BY stvatts_code
	
	]]>
		</query>
		<parameters>
		</parameters>
	</valueSet>
	<valueSet id="STVLEVL_RG.ValueSet.Config" name="STVLEVL_RG">
		<columns>
			<column name="STVLEVL_CODE" type="String" size="2"/>
			<column name="STVLEVL_DESC" type="String" size="30"/>
			<column name="STVLEVL_CEU_IND" type="String" size="1"/>
			<column name="STVLEVL_VR_MSG_NO" type="Number" size="23"/>
			<column name="STVLEVL_SYSTEM_REQ_IND" type="String" size="1"/>
			<column name="STVLEVL_ACTIVITY_DATE" type="Date" size="75"/>
		</columns>
		<query><![CDATA[
	SELECT stvlevl_code, stvlevl_desc, stvlevl_ceu_ind, stvlevl_vr_msg_no, stvlevl_system_req_ind, stvlevl_activity_date stvlevl_activity_date  FROM stvlevl  ORDER BY stvlevl_code
	
	]]>
		</query>
		<parameters>
		</parameters>
	</valueSet>
	<valueSet id="STVTERM_RG.ValueSet.Config" name="STVTERM_RG">
		<columns>
			<column name="STVTERM_CODE" type="String" size="6"/>
			<column name="STVTERM_DESC" type="String" size="30"/>
			<column name="STVTERM_START_DATE" type="Date" size="75"/>
			<column name="STVTERM_END_DATE" type="Date" size="75"/>
			<column name="STVTERM_FA_PROC_YR" type="String" size="4"/>
			<column name="STVTERM_FA_TERM" type="String" size="1"/>
			<column name="STVTERM_FA_PERIOD" type="Number" size="23"/>
			<column name="STVTERM_FA_END_PERIOD" type="Number" size="23"/>
			<column name="STVTERM_TRMT_CODE" type="String" size="1"/>
			<column name="STVTERM_ACYR_CODE" type="String" size="4"/>
			<column name="STVTERM_HOUSING_START_DATE" type="Date" size="75"/>
			<column name="STVTERM_HOUSING_END_DATE" type="Date" size="75"/>
			<column name="STVTERM_SYSTEM_REQ_IND" type="String" size="1"/>
			<column name="STVTERM_ACTIVITY_DATE" type="Date" size="75"/>
		</columns>
		<query><![CDATA[
	SELECT stvterm_code, stvterm_desc, stvterm_start_date stvterm_start_date, stvterm_end_date stvterm_end_date, stvterm_fa_proc_yr, stvterm_fa_term, stvterm_fa_period, stvterm_fa_end_period, stvterm_trmt_code, stvterm_acyr_code, stvterm_housing_start_date stvterm_housing_start_date, stvterm_housing_end_date stvterm_housing_end_date, stvterm_system_req_ind, stvterm_activity_date stvterm_activity_date  FROM stvterm  ORDER BY stvterm_code DESC
	
	]]>
		</query>
		<parameters>
		</parameters>
	</valueSet>
</b:beans>