<?xml version="1.0" encoding="UTF-8"?>
<b:beans 
	xmlns="urn:schemas:morphis:foundations:businessobject"
	xmlns:xsi="http://www.w3.org/2001/XMLSchema-instance" 
	xmlns:b="http://www.springframework.org/schema/beans"
	xsi:schemaLocation="http://www.springframework.org/schema/beans http://www.springframework.org/schema/beans/spring-beans.xsd urn:schemas:morphis:foundations:businessobject http://www.morphis-tech.com/schema/foundations/businessobject.xsd">
	<manager id="TZRMPSE.Manager.Config" name="TZRMPSE">
		<items>
			<item name="TZRMPSE_TERM_CODE" logicalName="tzrmpseTermCode" type="java.lang.String" physicalName="TZRMPSE_TERM_CODE">
			</item>
			<item name="TZRMPSE_LEVL_CODE" logicalName="tzrmpseLevlCode" type="java.lang.String" physicalName="TZRMPSE_LEVL_CODE">
			</item>
			<item name="TZRMPSE_DETAIL_CODE" logicalName="tzrmpseDetailCode" type="java.lang.String" physicalName="TZRMPSE_DETAIL_CODE">
			</item>
			<item name="TZRMPSE_ATTS_CODE" logicalName="tzrmpseAttsCode" type="java.lang.String" physicalName="TZRMPSE_ATTS_CODE">
			</item>
			<item name="TZRMPSE_OBLIGATORIO" logicalName="tzrmpseObligatorio" type="java.lang.String" physicalName="TZRMPSE_OBLIGATORIO">
			</item>
			<item name="TZRMPSE_DEFAULT" logicalName="tzrmpseDefault" type="java.lang.String" physicalName="TZRMPSE_DEFAULT">
				<value>
					<constant>N</constant>
				</value>
			</item>
			<item name="TZRMPSE_ESTATUS" logicalName="tzrmpseEstatus" type="java.math.BigDecimal" physicalName="TZRMPSE_ESTATUS">
				<value>
					<constant>0</constant>
				</value>
			</item>
			<item name="TZRMPSE_DATA_ORIGIN" logicalName="tzrmpseDataOrigin" type="java.lang.String" physicalName="TZRMPSE_DATA_ORIGIN">
			</item>
			<item name="TZRMPSE_CREATE_USER_ID" logicalName="tzrmpseCreateUserId" type="java.lang.String" physicalName="TZRMPSE_CREATE_USER_ID">
			</item>
			<item name="TZRMPSE_ACTIVITY_DATE" logicalName="tzrmpseActivityDate" type="java.util.Date" physicalName="TZRMPSE_ACTIVITY_DATE">
			</item>
		</items>
		
		<adapterClass>net.hedtech.banner.arsys.itesm.arsys.Tzampse.model.TzrmpseAdapter</adapterClass>
		
		<defaultWhereClause><![CDATA[TZRMPSE_TERM_CODE=:TERM_CODE AND TZRMPSE_LEVL_CODE=:LEVL_CODE]]></defaultWhereClause>
		<pagination enabled="true" maximumRows="10"/>
		
		
		
	</manager>
</b:beans>